915.jpg,161,92,197,120,car
287.jpg,220,221,246,249,car
287.jpg,203,227,225,254,car
287.jpg,178,228,200,255,car
287.jpg,153,229,175,256,car
287.jpg,130,237,151,256,car
13702.jpg,182,57,226,75,car
13702.jpg,82,112,106,150,car
116.jpg,41,0,58,25,car
116.jpg,70,105,88,136,car
116.jpg,84,158,103,188,car
116.jpg,103,216,120,243,car
3619.jpg,203,78,247,91,car
6401.jpg,115,194,146,237,car
6671.jpg,56,0,72,24,car
16048.jpg,161,36,184,77,car
551.jpg,71,195,98,226,car
983.jpg,158,17,173,43,car
983.jpg,121,154,142,192,car
21179.jpg,99,1,115,32,car
21179.jpg,131,129,146,160,car
21179.jpg,129,202,142,237,car
62.jpg,83,1,114,16,car
62.jpg,83,35,110,50,car
62.jpg,85,89,110,103,car
62.jpg,82,191,112,205,car
62.jpg,75,139,112,154,car
62.jpg,78,124,104,136,car
62.jpg,187,176,216,208,car
62.jpg,82,174,112,188,car
62.jpg,75,223,110,241,car
62.jpg,156,216,182,245,car
62.jpg,227,143,253,171,car
489.jpg,142,1,174,15,car
489.jpg,59,3,85,19,car
489.jpg,91,1,130,20,car
489.jpg,179,1,209,17,car
489.jpg,23,1,59,17,car
489.jpg,1,5,15,18,car
489.jpg,1,42,27,60,car
489.jpg,92,47,123,61,car
489.jpg,146,47,177,62,car
489.jpg,192,47,223,62,car
489.jpg,232,47,256,62,car
648.jpg,182,17,217,39,car
648.jpg,219,28,255,49,car
21285.jpg,164,88,198,122,car
21285.jpg,152,112,191,144,car
21285.jpg,222,138,238,171,car
21285.jpg,247,152,256,182,car
20948.jpg,42,25,57,57,car
20948.jpg,212,166,246,183,car
20948.jpg,213,204,245,220,car
6573.jpg,25,73,69,97,car
771.jpg,183,1,198,16,car
771.jpg,158,101,174,125,car
12671.jpg,75,193,125,213,car
12671.jpg,138,194,182,214,car
8391.jpg,23,212,59,251,car
10552.jpg,3,144,39,160,car
13177.jpg,5,211,43,231,car
8076.jpg,53,149,99,175,car
1054.jpg,101,51,119,79,car
4669.jpg,35,134,78,150,car
3153.jpg,7,52,52,72,car
20842.jpg,33,206,60,236,car
20842.jpg,40,193,67,223,car
20842.jpg,73,189,100,219,car
20842.jpg,86,180,113,210,car
20842.jpg,100,172,127,202,car
20842.jpg,113,165,141,195,car
20842.jpg,130,155,157,185,car
20842.jpg,144,149,168,176,car
20842.jpg,158,138,182,165,car
20842.jpg,172,126,196,153,car
20842.jpg,185,120,209,147,car
20842.jpg,201,113,225,140,car
20842.jpg,215,99,239,126,car
20842.jpg,227,87,251,114,car
20842.jpg,135,203,159,230,car
20842.jpg,150,191,170,216,car
20842.jpg,162,184,186,211,car
20842.jpg,180,174,204,201,car
20842.jpg,194,165,218,192,car
20842.jpg,209,153,232,184,car
20842.jpg,224,145,247,176,car
20842.jpg,232,136,256,167,car
20842.jpg,181,215,205,246,car
20842.jpg,197,206,221,237,car
20842.jpg,213,200,237,231,car
20842.jpg,226,188,250,219,car
20842.jpg,52,161,79,191,car
20842.jpg,64,152,91,182,car
20842.jpg,78,144,105,174,car
20842.jpg,91,135,118,165,car
20842.jpg,106,124,133,154,car
20842.jpg,116,116,144,146,car
20842.jpg,131,106,158,136,car
20842.jpg,143,95,170,125,car
20842.jpg,160,86,187,116,car
20842.jpg,173,77,200,107,car
20842.jpg,186,67,213,97,car
20842.jpg,200,58,227,88,car
20842.jpg,216,46,245,80,car
20842.jpg,19,125,48,158,car
20842.jpg,33,114,62,147,car
20842.jpg,48,107,77,140,car
20842.jpg,60,97,89,130,car
20842.jpg,75,90,101,117,car
20842.jpg,88,82,114,109,car
20842.jpg,102,72,126,96,car
20842.jpg,118,62,142,86,car
20842.jpg,130,51,154,75,car
20842.jpg,144,40,172,68,car
20842.jpg,158,32,186,60,car
20842.jpg,173,21,201,49,car
20842.jpg,1,95,29,123,car
20842.jpg,15,84,43,112,car
20842.jpg,26,77,54,105,car
20842.jpg,38,67,66,95,car
20842.jpg,52,56,80,84,car
20842.jpg,65,51,93,79,car
20842.jpg,80,38,108,67,car
20842.jpg,93,29,121,58,car
20842.jpg,106,21,134,50,car
20842.jpg,121,10,149,39,car
20842.jpg,137,1,165,28,car
20842.jpg,1,39,22,66,car
20842.jpg,13,27,34,54,car
20842.jpg,28,17,52,48,car
20842.jpg,38,6,67,39,car
20789.jpg,226,84,242,120,car
20789.jpg,132,232,148,256,car
573.jpg,120,1,147,8,car
573.jpg,157,1,192,16,car
573.jpg,194,4,223,24,car
573.jpg,1,10,32,28,car
573.jpg,35,14,66,29,car
573.jpg,182,69,214,83,car
573.jpg,225,74,250,87,car
573.jpg,8,94,30,128,car
573.jpg,1,102,19,136,car
697.jpg,23,3,57,17,car
697.jpg,1,13,12,30,car
516.jpg,71,7,108,25,car
516.jpg,1,11,17,24,car
516.jpg,59,58,93,75,car
516.jpg,145,147,177,162,car
516.jpg,1,205,32,219,car
516.jpg,1,226,33,243,car
516.jpg,148,127,181,143,car
516.jpg,152,107,185,123,car
516.jpg,151,89,184,105,car
20678.jpg,1,1,37,14,car
20678.jpg,117,10,157,30,car
20678.jpg,122,46,159,64,car
20678.jpg,92,51,115,87,car
20678.jpg,1,70,41,89,car
20678.jpg,1,92,41,110,car
20678.jpg,118,123,157,140,car
20678.jpg,123,163,159,176,car
20678.jpg,25,223,43,256,car
20678.jpg,42,223,60,256,car
20678.jpg,59,223,77,256,car
20678.jpg,77,222,93,256,car
20678.jpg,95,222,111,256,car
20678.jpg,111,222,127,256,car
12986.jpg,140,158,156,195,car
4129.jpg,182,21,219,57,car
13793.jpg,0,178,24,223,car
420.jpg,59,181,78,216,car
4099.jpg,65,176,88,215,car
18310.jpg,39,38,83,57,car
3263.jpg,202,98,242,113,car
8554.jpg,48,130,65,161,car
11193.jpg,31,0,72,3,car
914.jpg,151,32,183,51,car
914.jpg,148,51,179,73,car
1392.jpg,221,64,256,86,car
1392.jpg,213,87,247,107,car
1392.jpg,140,90,158,123,car
1392.jpg,198,119,227,143,car
1392.jpg,193,140,221,162,car
1392.jpg,118,137,141,167,car
1392.jpg,99,171,118,202,car
1392.jpg,70,206,95,239,car
1392.jpg,178,175,206,197,car
1392.jpg,167,185,197,210,car
1392.jpg,154,197,188,227,car
1392.jpg,135,231,161,253,car
537.jpg,48,0,79,5,car
537.jpg,135,1,170,17,car
537.jpg,48,11,81,27,car
537.jpg,137,22,173,35,car
537.jpg,47,31,81,45,car
537.jpg,133,43,169,54,car
537.jpg,48,49,80,64,car
537.jpg,9,53,22,87,car
537.jpg,48,68,78,80,car
537.jpg,133,76,167,88,car
537.jpg,47,85,81,96,car
537.jpg,133,95,165,108,car
537.jpg,4,98,20,132,car
537.jpg,49,133,83,147,car
537.jpg,47,154,82,166,car
537.jpg,134,169,167,185,car
537.jpg,55,172,86,188,car
537.jpg,136,189,167,202,car
537.jpg,55,216,90,230,car
537.jpg,60,236,89,249,car
11566.jpg,167,146,187,196,car
3366.jpg,111,111,131,148,car
3366.jpg,113,58,131,94,car
1414.jpg,213,187,247,207,car
1414.jpg,143,205,178,227,car
1414.jpg,105,214,140,234,car
1414.jpg,35,232,66,254,car
11761.jpg,2,98,19,135,car
12740.jpg,26,0,44,37,car
1397.jpg,223,1,245,11,car
1397.jpg,123,229,155,245,car
1397.jpg,240,70,255,100,car
43.jpg,182,109,212,131,car
1364.jpg,188,0,223,9,car
1364.jpg,135,0,170,13,car
1364.jpg,91,0,128,13,car
1364.jpg,135,38,164,53,car
1364.jpg,96,40,128,53,car
1364.jpg,79,86,112,100,car
1364.jpg,119,88,144,100,car
1364.jpg,36,86,70,101,car
1364.jpg,220,127,247,143,car
1348.jpg,1,14,31,32,car
1348.jpg,1,70,21,87,car
14449.jpg,138,136,180,159,car
13367.jpg,189,106,219,146,car
15751.jpg,198,69,236,107,car
353.jpg,10,17,42,37,car
353.jpg,79,21,107,38,car
353.jpg,40,54,73,75,car
353.jpg,198,186,232,204,car
353.jpg,158,193,191,213,car
353.jpg,120,202,153,223,car
353.jpg,73,213,106,234,car
499.jpg,180,73,197,101,car
499.jpg,9,28,26,56,car
499.jpg,48,37,67,71,car
499.jpg,67,44,86,78,car
499.jpg,85,49,104,83,car
499.jpg,116,49,136,84,car
499.jpg,136,58,156,93,car
499.jpg,161,62,179,92,car
499.jpg,231,1,247,19,car
14490.jpg,107,151,140,183,car
14490.jpg,7,45,50,60,car
7208.jpg,141,188,188,210,car
21448.jpg,155,99,177,140,car
427.jpg,71,111,98,142,car
427.jpg,52,149,75,174,car
427.jpg,6,218,29,251,car
15125.jpg,114,63,132,103,car
20275.jpg,23,204,36,239,car
872.jpg,196,196,229,218,car
872.jpg,158,209,190,227,car
872.jpg,237,190,256,204,car
872.jpg,76,229,112,253,car
17405.jpg,190,130,231,156,car
1253.jpg,132,36,164,55,car
1253.jpg,119,63,157,82,car
552.jpg,8,153,26,187,car
13375.jpg,159,221,199,236,car
9704.jpg,116,151,161,170,car
15779.jpg,48,116,72,163,car
1265.jpg,200,55,240,75,car
702.jpg,1,245,20,256,car
18040.jpg,218,2,234,42,car
9128.jpg,116,133,152,165,car
11633.jpg,187,9,228,25,car
11633.jpg,205,59,255,79,car
10467.jpg,155,216,173,253,car
10467.jpg,44,215,62,252,car
10467.jpg,176,215,194,252,car
40.jpg,202,9,218,38,car
40.jpg,187,42,207,70,car
40.jpg,170,82,186,118,car
40.jpg,135,179,156,215,car
40.jpg,123,218,144,254,car
8416.jpg,170,16,189,53,car
13388.jpg,201,227,241,250,car
21478.jpg,3,1,25,38,car
21478.jpg,35,1,53,31,car
21478.jpg,54,1,72,31,car
21478.jpg,72,1,90,30,car
21478.jpg,90,5,108,35,car
21478.jpg,1,81,18,111,car
21478.jpg,33,78,51,108,car
21478.jpg,50,77,68,107,car
21478.jpg,69,80,87,110,car
21478.jpg,86,80,104,110,car
21478.jpg,102,81,120,111,car
21478.jpg,124,120,142,150,car
21478.jpg,103,115,121,145,car
21478.jpg,87,115,105,145,car
21478.jpg,68,114,86,144,car
21478.jpg,50,112,68,142,car
21478.jpg,35,114,53,144,car
21478.jpg,17,125,35,155,car
21478.jpg,7,186,25,216,car
21478.jpg,4,220,22,250,car
21478.jpg,23,220,41,250,car
21478.jpg,39,222,57,252,car
21478.jpg,59,223,77,253,car
21478.jpg,74,223,92,253,car
21478.jpg,94,224,112,254,car
21478.jpg,110,225,128,255,car
21478.jpg,128,226,146,256,car
21478.jpg,128,193,146,223,car
21478.jpg,177,176,195,206,car
21478.jpg,24,190,42,220,car
21478.jpg,43,188,61,218,car
21478.jpg,57,192,75,222,car
21478.jpg,74,192,92,222,car
21478.jpg,94,192,112,222,car
21478.jpg,111,194,129,224,car
21478.jpg,217,174,235,204,car
21478.jpg,203,63,218,92,car
21478.jpg,219,61,237,91,car
21478.jpg,217,137,242,168,car
21478.jpg,239,137,255,168,car
21478.jpg,234,177,256,211,car
21478.jpg,147,187,163,224,car
13797.jpg,72,56,111,89,car
13797.jpg,113,43,155,70,car
7335.jpg,136,0,153,22,car
8784.jpg,36,131,81,147,car
17820.jpg,14,49,37,89,car
16364.jpg,143,29,187,48,car
19239.jpg,159,189,202,205,car
17506.jpg,60,0,78,20,car
18054.jpg,20,19,43,64,car
16431.jpg,99,102,146,124,car
639.jpg,184,134,216,156,car
639.jpg,24,174,55,195,car
639.jpg,191,176,221,198,car
639.jpg,13,224,49,244,car
7617.jpg,44,92,85,106,car
4574.jpg,97,140,138,155,car
20671.jpg,219,16,255,34,car
20671.jpg,203,205,236,228,car
15403.jpg,210,201,234,240,car
2178.jpg,96,0,139,21,car
850.jpg,236,106,251,135,car
13234.jpg,102,170,116,209,car
13234.jpg,101,210,124,245,car
1361.jpg,175,235,209,253,car
1361.jpg,129,236,163,253,car
1361.jpg,94,239,123,254,car
1361.jpg,61,242,89,254,car
1361.jpg,20,245,56,255,car
19020.jpg,2,194,44,215,car
495.jpg,193,18,222,31,car
11106.jpg,148,84,177,125,car
176.jpg,2,42,30,61,car
176.jpg,5,62,34,80,car
176.jpg,29,145,58,162,car
176.jpg,36,163,66,184,car
176.jpg,44,194,74,211,car
12794.jpg,142,26,176,58,car
347.jpg,55,18,86,38,car
347.jpg,145,111,176,131,car
10311.jpg,20,150,57,189,car
10311.jpg,26,176,61,207,car
16397.jpg,88,206,109,253,car
21262.jpg,147,27,163,64,car
21262.jpg,218,41,251,58,car
21262.jpg,219,60,253,79,car
21262.jpg,147,84,168,112,car
21262.jpg,197,139,217,174,car
3311.jpg,52,68,98,86,car
15047.jpg,102,0,119,8,car
12215.jpg,48,100,96,125,car
3860.jpg,186,0,230,17,car
8678.jpg,169,127,188,164,car
1990.jpg,155,88,193,108,car
8962.jpg,96,147,144,166,car
8962.jpg,94,174,138,190,car
3816.jpg,134,145,169,187,car
3816.jpg,157,140,188,167,car
3816.jpg,173,126,205,157,car
1594.jpg,159,171,174,207,car
21082.jpg,103,59,144,82,car
21082.jpg,126,100,160,115,car
21082.jpg,24,102,61,117,car
21082.jpg,171,94,210,115,car
21082.jpg,68,102,109,119,car
312.jpg,7,49,26,81,car
312.jpg,41,59,59,88,car
312.jpg,217,118,239,152,car
312.jpg,14,137,34,174,car
312.jpg,30,145,54,178,car
5696.jpg,192,159,228,194,car
584.jpg,122,56,141,89,car
584.jpg,50,65,69,98,car
584.jpg,73,72,90,95,car
584.jpg,33,80,52,111,car
584.jpg,237,99,255,133,car
584.jpg,217,101,232,134,car
584.jpg,124,125,143,157,car
584.jpg,75,140,91,174,car
584.jpg,55,140,70,175,car
584.jpg,8,82,27,113,car
17794.jpg,62,73,104,89,car
265.jpg,55,228,85,245,car
1335.jpg,217,55,235,89,car
14481.jpg,147,189,164,230,car
5261.jpg,200,20,229,64,car
18903.jpg,125,194,164,209,car
1006.jpg,40,1,60,14,car
1006.jpg,49,21,67,56,car
1006.jpg,65,82,83,113,car
1006.jpg,196,97,224,128,car
1006.jpg,177,109,198,128,car
1006.jpg,156,113,183,135,car
1006.jpg,135,111,160,136,car
1006.jpg,113,115,136,141,car
1006.jpg,52,120,83,148,car
1006.jpg,194,157,225,179,car
1006.jpg,157,165,192,184,car
1006.jpg,122,172,156,188,car
1006.jpg,95,234,113,256,car
1006.jpg,237,95,255,117,car
1006.jpg,231,154,256,170,car
685.jpg,39,77,69,109,car
21124.jpg,1,34,18,67,car
21124.jpg,18,34,36,67,car
21124.jpg,53,30,69,67,car
21124.jpg,33,31,51,65,car
21124.jpg,72,30,88,67,car
21124.jpg,92,31,108,68,car
21124.jpg,110,31,126,68,car
21124.jpg,128,31,144,68,car
21124.jpg,148,31,164,68,car
21124.jpg,165,32,181,69,car
21124.jpg,182,30,198,67,car
21124.jpg,1,69,16,106,car
21124.jpg,18,67,33,104,car
21124.jpg,37,68,52,105,car
21124.jpg,54,67,69,104,car
21124.jpg,73,69,88,106,car
21124.jpg,92,70,107,107,car
21124.jpg,110,71,125,108,car
21124.jpg,126,71,142,108,car
21124.jpg,148,72,163,109,car
21124.jpg,163,69,178,106,car
21124.jpg,182,69,198,106,car
21124.jpg,1,165,15,190,car
21124.jpg,17,160,33,197,car
21124.jpg,16,196,32,233,car
21124.jpg,35,197,51,234,car
21124.jpg,35,156,51,193,car
21124.jpg,55,157,71,194,car
21124.jpg,54,200,70,237,car
21124.jpg,71,196,87,233,car
21124.jpg,72,159,88,196,car
21124.jpg,91,199,107,236,car
21124.jpg,89,158,105,195,car
21124.jpg,108,158,124,195,car
21124.jpg,107,200,123,237,car
21124.jpg,125,201,141,238,car
21124.jpg,127,163,143,200,car
21124.jpg,146,162,162,199,car
21124.jpg,144,204,160,241,car
21124.jpg,163,202,179,239,car
21124.jpg,162,158,178,195,car
21124.jpg,183,160,199,197,car
21124.jpg,183,201,199,238,car
21124.jpg,1,200,15,225,car
17995.jpg,204,160,228,201,car
17995.jpg,224,166,252,207,car
5962.jpg,182,25,221,42,car
861.jpg,47,44,74,70,car
861.jpg,1,210,16,247,car
861.jpg,204,213,230,244,car
861.jpg,75,220,94,245,car
861.jpg,13,196,31,231,car
20937.jpg,81,1,101,22,car
20937.jpg,138,7,182,19,car
20937.jpg,209,209,225,239,car
20937.jpg,147,205,163,248,car
20937.jpg,151,156,167,199,car
20937.jpg,171,167,185,193,car
20937.jpg,191,168,205,206,car
20937.jpg,209,162,227,197,car
20937.jpg,230,170,243,202,car
20937.jpg,43,190,72,229,car
20937.jpg,23,184,52,223,car
20937.jpg,1,182,29,221,car
20937.jpg,5,104,24,136,car
20937.jpg,21,105,40,137,car
20937.jpg,35,102,61,141,car
20937.jpg,57,103,83,142,car
20937.jpg,1,61,26,100,car
20937.jpg,21,60,47,99,car
20937.jpg,43,61,69,100,car
20937.jpg,41,59,67,98,car
20937.jpg,56,1,73,21,car
20937.jpg,38,1,55,21,car
20937.jpg,24,1,36,16,car
20937.jpg,27,241,61,256,car
19793.jpg,0,204,11,242,car
16085.jpg,0,227,15,249,car
2762.jpg,201,131,220,168,car
21270.jpg,12,87,39,113,car
21270.jpg,38,91,65,117,car
21270.jpg,63,90,90,117,car
21270.jpg,87,89,114,116,car
21270.jpg,166,91,193,118,car
21270.jpg,124,93,151,120,car
21270.jpg,189,90,216,117,car
21270.jpg,9,144,45,159,car
21270.jpg,14,168,50,183,car
21270.jpg,9,220,45,235,car
21270.jpg,47,217,83,232,car
21270.jpg,95,220,131,235,car
21270.jpg,161,193,197,208,car
9047.jpg,64,230,101,243,car
11712.jpg,77,62,95,103,car
21307.jpg,14,1,46,21,car
21307.jpg,55,137,91,155,car
21307.jpg,136,205,164,223,car
3601.jpg,192,146,215,185,car
267.jpg,200,140,232,159,car
267.jpg,164,150,193,167,car
267.jpg,135,157,162,172,car
267.jpg,206,185,236,203,car
267.jpg,9,190,42,211,car
267.jpg,80,215,111,236,car
267.jpg,35,228,69,247,car
9014.jpg,213,110,254,126,car
20779.jpg,1,41,32,55,car
17896.jpg,210,167,226,209,car
18917.jpg,42,68,74,106,car
18917.jpg,177,209,214,248,car
16746.jpg,44,174,86,220,car
16746.jpg,57,209,94,250,car
20783.jpg,4,37,32,68,car
13720.jpg,36,4,72,42,car
17323.jpg,92,121,135,137,car
20840.jpg,192,6,211,39,car
20840.jpg,167,4,186,37,car
20840.jpg,1,83,29,100,car
20840.jpg,119,184,152,200,car
20840.jpg,187,188,220,201,car
20840.jpg,154,169,187,182,car
20840.jpg,155,151,188,164,car
20840.jpg,153,117,191,134,car
20840.jpg,153,137,190,148,car
20840.jpg,154,50,192,67,car
20840.jpg,158,67,189,85,car
20840.jpg,159,87,191,100,car
20840.jpg,196,83,224,97,car
20840.jpg,160,104,192,117,car
20840.jpg,195,99,224,112,car
20840.jpg,196,114,225,127,car
20840.jpg,193,134,227,149,car
20840.jpg,191,150,225,165,car
20840.jpg,189,170,223,185,car
15658.jpg,0,8,21,38,car
2180.jpg,1,99,32,140,car
20847.jpg,15,136,43,167,car
20847.jpg,29,127,57,158,car
20847.jpg,44,116,72,147,car
20847.jpg,57,105,85,136,car
20847.jpg,70,95,98,126,car
20847.jpg,82,86,109,113,car
20847.jpg,98,78,125,105,car
20847.jpg,113,65,140,92,car
20847.jpg,37,167,64,194,car
20847.jpg,50,160,77,187,car
20847.jpg,66,149,93,176,car
20847.jpg,80,138,107,165,car
20847.jpg,94,128,121,155,car
20847.jpg,107,117,134,144,car
20847.jpg,121,105,148,133,car
20847.jpg,137,96,164,124,car
20847.jpg,150,87,177,115,car
20847.jpg,67,203,94,231,car
20847.jpg,78,191,105,219,car
20847.jpg,92,184,119,212,car
20847.jpg,106,174,133,202,car
20847.jpg,118,163,145,191,car
20847.jpg,133,153,160,181,car
20847.jpg,147,144,174,172,car
20847.jpg,160,133,187,161,car
20847.jpg,179,124,206,152,car
20847.jpg,89,236,114,256,car
20847.jpg,105,226,127,253,car
20847.jpg,119,216,142,244,car
20847.jpg,131,209,154,237,car
20847.jpg,146,198,169,226,car
20847.jpg,158,190,181,218,car
20847.jpg,171,180,194,208,car
20847.jpg,188,171,211,199,car
20847.jpg,201,163,224,191,car
10890.jpg,160,88,201,105,car
733.jpg,71,60,93,95,car
733.jpg,42,124,71,147,car
733.jpg,64,152,84,184,car
733.jpg,81,188,103,217,car
733.jpg,93,226,115,255,car
666.jpg,68,8,82,41,car
666.jpg,133,84,145,119,car
666.jpg,61,92,86,126,car
666.jpg,55,128,70,162,car
666.jpg,52,166,66,200,car
666.jpg,45,208,62,240,car
3770.jpg,178,67,225,113,car
15593.jpg,141,16,157,53,car
15593.jpg,140,62,156,97,car
1160.jpg,77,120,102,141,car
7164.jpg,69,175,105,216,car
17002.jpg,49,123,73,164,car
2369.jpg,0,133,36,162,car
2369.jpg,128,122,166,164,car
490.jpg,68,0,93,9,car
490.jpg,0,3,2,18,car
490.jpg,0,49,7,61,car
490.jpg,173,47,203,63,car
490.jpg,15,47,47,65,car
490.jpg,52,48,83,65,car
490.jpg,89,49,122,64,car
490.jpg,135,48,166,64,car
490.jpg,149,243,183,254,car
20378.jpg,70,211,117,232,car
20378.jpg,184,245,226,256,car
20378.jpg,188,156,219,172,car
20378.jpg,190,137,221,153,car
20378.jpg,189,120,220,136,car
20378.jpg,190,87,228,100,car
20378.jpg,193,54,223,67,car
20378.jpg,192,36,222,49,car
20378.jpg,190,15,220,28,car
20378.jpg,194,1,224,14,car
1393.jpg,157,28,172,57,car
1393.jpg,119,33,136,62,car
1393.jpg,132,68,155,101,car
1393.jpg,165,98,185,130,car
1393.jpg,1,1,25,9,car
1393.jpg,1,11,20,28,car
19351.jpg,63,10,80,46,car
19351.jpg,86,105,105,147,car
17674.jpg,165,49,209,69,car
264.jpg,190,182,222,199,car
264.jpg,110,214,142,232,car
264.jpg,159,220,183,235,car
264.jpg,194,222,218,235,car
2358.jpg,73,72,111,89,car
6123.jpg,190,22,223,60,car
6123.jpg,31,22,79,55,car
6123.jpg,3,32,40,60,car
4678.jpg,95,10,113,52,car
20283.jpg,227,142,246,181,car
20283.jpg,5,151,19,182,car
21019.jpg,6,32,37,61,car
21019.jpg,10,155,39,185,car
21019.jpg,69,172,103,206,car
1176.jpg,177,221,206,237,car
1176.jpg,80,217,109,233,car
1176.jpg,227,161,256,177,car
21434.jpg,19,26,52,44,car
21434.jpg,21,112,60,139,car
14969.jpg,16,28,61,71,car
1041.jpg,75,150,98,182,car
1079.jpg,173,68,205,93,car
21123.jpg,4,109,28,133,car
21123.jpg,4,129,32,156,car
21123.jpg,3,159,30,181,car
21123.jpg,3,178,29,206,car
21123.jpg,3,204,31,237,car
6292.jpg,122,141,159,178,car
3952.jpg,39,70,69,112,car
8615.jpg,107,140,150,151,car
9868.jpg,114,136,131,170,car
9868.jpg,125,206,151,247,car
913.jpg,57,100,90,127,car
913.jpg,161,138,176,168,car
913.jpg,142,138,158,171,car
21341.jpg,165,132,186,173,car
20437.jpg,200,3,233,16,car
20437.jpg,197,92,230,108,car
20437.jpg,200,27,233,41,car
20437.jpg,197,48,231,64,car
20437.jpg,199,70,231,85,car
19368.jpg,188,99,203,138,car
15651.jpg,233,114,253,141,car
15651.jpg,235,73,253,107,car
15651.jpg,126,3,147,39,car
7191.jpg,154,144,191,160,car
7191.jpg,217,47,234,88,car
20666.jpg,124,87,151,101,car
20666.jpg,7,86,41,104,car
20666.jpg,99,138,133,157,car
20666.jpg,7,68,42,82,car
20666.jpg,6,51,41,66,car
20666.jpg,5,31,34,46,car
20666.jpg,3,1,37,13,car
20666.jpg,88,1,122,13,car
20666.jpg,87,17,121,30,car
20666.jpg,125,18,160,31,car
20666.jpg,84,33,119,46,car
20666.jpg,127,34,162,47,car
20666.jpg,83,50,118,63,car
20666.jpg,121,50,156,63,car
20666.jpg,86,66,121,84,car
20666.jpg,128,70,161,83,car
20666.jpg,205,36,243,50,car
20666.jpg,203,21,241,35,car
20666.jpg,204,1,239,13,car
20666.jpg,209,71,238,84,car
20666.jpg,209,90,238,103,car
858.jpg,172,5,194,29,car
858.jpg,192,10,215,37,car
858.jpg,18,94,42,126,car
858.jpg,237,28,255,53,car
3399.jpg,10,128,51,156,car
388.jpg,44,16,71,41,car
388.jpg,164,24,183,60,car
388.jpg,38,56,64,80,car
388.jpg,22,93,56,112,car
309.jpg,92,1,105,27,car
309.jpg,132,1,147,26,car
56.jpg,81,32,120,48,car
56.jpg,3,54,33,70,car
56.jpg,41,58,73,72,car
56.jpg,170,59,206,75,car
56.jpg,135,60,164,72,car
56.jpg,80,58,112,72,car
7249.jpg,130,35,146,74,car
322.jpg,43,115,57,143,car
322.jpg,227,164,256,183,car
21476.jpg,73,97,89,122,car
21476.jpg,104,165,138,182,car
21476.jpg,138,165,167,180,car
21476.jpg,214,184,247,202,car
21326.jpg,175,130,216,150,car
20863.jpg,76,108,112,127,car
20863.jpg,155,110,188,128,car
20863.jpg,59,134,93,151,car
20863.jpg,76,176,95,212,car
1158.jpg,72,165,98,194,car
5427.jpg,126,148,156,182,car
405.jpg,170,0,201,13,car
405.jpg,153,52,185,72,car
405.jpg,130,93,165,116,car
405.jpg,124,130,156,153,car
4242.jpg,76,172,107,207,car
680.jpg,50,74,90,96,car
680.jpg,47,96,83,113,car
680.jpg,19,142,51,169,car
10532.jpg,97,1,127,19,car
10532.jpg,197,127,235,166,car
15094.jpg,15,31,46,73,car
15094.jpg,0,131,14,172,car
17295.jpg,212,12,233,44,car
20991.jpg,1,1,24,7,car
20991.jpg,45,1,86,11,car
20991.jpg,1,20,19,37,car
20991.jpg,133,229,152,255,car
20991.jpg,156,227,175,253,car
20991.jpg,173,229,192,256,car
20991.jpg,194,231,210,256,car
20991.jpg,213,230,229,255,car
20991.jpg,232,230,251,256,car
2333.jpg,101,174,114,205,car
17978.jpg,84,90,124,106,car
1370.jpg,149,71,183,82,car
1370.jpg,147,92,178,105,car
1370.jpg,152,110,182,124,car
1370.jpg,214,145,229,176,car
355.jpg,157,73,188,92,car
4843.jpg,189,101,229,124,car
123.jpg,208,119,239,138,car
408.jpg,176,65,198,96,car
664.jpg,232,67,254,82,car
664.jpg,230,101,256,114,car
20719.jpg,1,166,29,188,car
20719.jpg,1,187,29,209,car
20719.jpg,1,205,25,229,car
20719.jpg,1,222,25,246,car
18448.jpg,201,43,236,59,car
12265.jpg,62,79,97,115,car
16779.jpg,30,196,78,227,car
17456.jpg,76,170,109,187,car
17456.jpg,141,167,164,209,car
125.jpg,124,0,144,14,car
125.jpg,133,21,151,56,car
125.jpg,149,82,167,113,car
125.jpg,219,111,244,136,car
125.jpg,197,115,220,141,car
125.jpg,136,120,167,148,car
125.jpg,206,172,240,188,car
11753.jpg,153,197,176,232,car
1179.jpg,214,42,254,59,car
1179.jpg,139,51,169,67,car
1179.jpg,1,183,24,215,car
5306.jpg,76,55,107,81,car
20379.jpg,7,8,41,24,car
20379.jpg,41,25,75,42,car
20379.jpg,37,60,71,76,car
20379.jpg,42,78,76,94,car
20379.jpg,4,93,38,109,car
20379.jpg,38,111,72,127,car
20379.jpg,36,147,74,162,car
20379.jpg,1,179,38,194,car
20379.jpg,40,197,78,212,car
20379.jpg,38,216,73,229,car
20379.jpg,36,234,71,247,car
20379.jpg,114,234,150,247,car
20379.jpg,146,150,175,163,car
20379.jpg,146,182,181,195,car
20379.jpg,105,148,140,161,car
20379.jpg,144,114,185,129,car
20379.jpg,110,134,141,146,car
20379.jpg,102,94,143,109,car
20379.jpg,152,78,185,95,car
20379.jpg,110,21,143,38,car
20379.jpg,149,25,182,42,car
20379.jpg,145,13,178,24,car
20379.jpg,149,43,185,61,car
20379.jpg,146,60,182,78,car
20379.jpg,218,97,255,115,car
20379.jpg,217,151,248,165,car
20379.jpg,218,180,255,198,car
20379.jpg,211,234,248,252,car
20379.jpg,220,63,255,79,car
20379.jpg,221,44,256,60,car
20379.jpg,221,26,256,42,car
20379.jpg,219,11,256,24,car
18400.jpg,149,131,183,167,car
9301.jpg,151,136,177,179,car
996.jpg,213,1,230,25,car
996.jpg,242,106,256,135,car
747.jpg,120,125,150,142,car
962.jpg,47,104,72,130,car
18420.jpg,3,81,46,97,car
20286.jpg,96,1,109,11,car
20286.jpg,57,1,71,15,car
20286.jpg,145,1,160,16,car
275.jpg,135,121,167,140,car
3485.jpg,13,46,55,62,car
3485.jpg,59,47,100,64,car
3485.jpg,0,231,14,247,car
18159.jpg,121,47,140,89,car
21027.jpg,184,189,197,222,car
21027.jpg,203,193,217,226,car
21027.jpg,127,222,140,256,car
21027.jpg,145,222,160,256,car
21027.jpg,165,228,178,256,car
21027.jpg,185,228,198,256,car
21027.jpg,201,228,214,256,car
21027.jpg,218,234,234,256,car
21027.jpg,237,234,253,256,car
21027.jpg,220,193,234,226,car
21027.jpg,238,195,252,228,car
9258.jpg,178,94,196,130,car
12170.jpg,146,202,194,232,car
6157.jpg,12,100,32,143,car
20841.jpg,63,3,81,26,car
20841.jpg,206,24,224,47,car
20841.jpg,174,61,198,90,car
20841.jpg,178,90,202,119,car
20841.jpg,199,84,223,113,car
20841.jpg,184,137,208,166,car
20841.jpg,196,126,220,155,car
20841.jpg,211,121,235,150,car
20841.jpg,218,112,242,141,car
20841.jpg,231,149,255,178,car
20841.jpg,236,193,256,220,car
20841.jpg,245,178,256,205,car
20841.jpg,229,56,256,90,car
20841.jpg,220,15,244,40,car
20841.jpg,232,2,256,37,car
20841.jpg,157,39,175,74,car
20841.jpg,87,55,121,75,car
20841.jpg,89,77,122,93,car
20841.jpg,86,96,121,114,car
20841.jpg,47,133,82,151,car
20841.jpg,86,133,119,149,car
20841.jpg,47,154,80,170,car
20841.jpg,86,148,119,164,car
20841.jpg,54,173,87,189,car
20841.jpg,48,188,81,204,car
20841.jpg,47,203,80,219,car
20841.jpg,86,199,119,215,car
20841.jpg,87,181,120,197,car
20841.jpg,85,165,120,179,car
20841.jpg,124,211,144,244,car
13408.jpg,183,141,222,155,car
1795.jpg,196,154,224,185,car
4407.jpg,108,111,153,138,car
2368.jpg,213,100,254,130,car
10305.jpg,108,202,152,220,car
767.jpg,152,6,176,37,car
767.jpg,99,91,125,119,car
767.jpg,72,132,97,161,car
767.jpg,55,156,75,190,car
767.jpg,196,192,220,221,car
1285.jpg,75,113,108,130,car
1285.jpg,72,132,101,150,car
21436.jpg,1,113,16,136,car
6705.jpg,0,63,19,82,car
8642.jpg,177,47,216,86,car
1344.jpg,78,7,96,29,car
1344.jpg,136,26,153,61,car
1344.jpg,116,98,133,127,car
1344.jpg,88,183,106,212,car
1344.jpg,76,214,98,248,car
1344.jpg,28,1,43,17,car
740.jpg,74,49,88,81,car
740.jpg,34,221,66,241,car
106.jpg,101,31,117,64,car
106.jpg,81,39,99,73,car
106.jpg,122,82,155,102,car
106.jpg,10,129,25,162,car
17193.jpg,89,16,130,32,car
3276.jpg,172,91,210,107,car
1059.jpg,70,107,100,128,car
1059.jpg,197,151,231,170,car
14952.jpg,66,125,107,154,car
1238.jpg,176,92,193,123,car
1238.jpg,160,159,177,189,car
20254.jpg,133,16,155,57,car
20254.jpg,171,52,196,101,car
20254.jpg,154,170,173,204,car
5181.jpg,51,166,66,210,car
7151.jpg,180,78,216,117,car
2637.jpg,120,163,142,195,car
242.jpg,122,182,152,199,car
14109.jpg,213,107,234,142,car
20764.jpg,13,195,27,227,car
20764.jpg,1,196,11,227,car
21435.jpg,45,27,85,50,car
21435.jpg,125,116,158,131,car
21318.jpg,23,194,40,230,car
21318.jpg,42,231,57,256,car
21318.jpg,41,193,58,230,car
21318.jpg,84,190,101,227,car
21318.jpg,124,193,141,230,car
21318.jpg,143,190,160,227,car
21318.jpg,157,187,174,224,car
21318.jpg,24,231,39,256,car
21318.jpg,64,231,79,256,car
21318.jpg,83,231,98,256,car
21318.jpg,103,231,118,256,car
21318.jpg,123,231,138,256,car
21318.jpg,142,231,157,256,car
657.jpg,1,211,30,229,car
657.jpg,225,15,256,42,car
6443.jpg,49,187,98,231,car
7034.jpg,63,85,79,126,car
991.jpg,202,1,221,27,car
991.jpg,55,28,71,63,car
991.jpg,215,48,234,80,car
991.jpg,39,199,55,229,car
4138.jpg,0,203,26,239,car
14456.jpg,26,168,66,199,car
20782.jpg,181,1,204,17,car
20782.jpg,159,47,185,81,car
20782.jpg,74,1,91,14,car
20782.jpg,94,1,113,23,car
20782.jpg,119,1,135,15,car
20782.jpg,160,1,180,19,car
13787.jpg,42,198,60,235,car
384.jpg,97,69,121,91,car
384.jpg,84,104,113,131,car
384.jpg,174,112,194,147,car
384.jpg,199,126,219,160,car
384.jpg,71,145,100,170,car
384.jpg,90,85,119,112,car
384.jpg,98,46,127,70,car
384.jpg,99,23,131,54,car
384.jpg,103,7,134,28,car
557.jpg,28,160,65,185,car
20136.jpg,148,157,185,192,car
51.jpg,197,72,227,90,car
51.jpg,165,80,189,97,car
51.jpg,133,86,157,106,car
51.jpg,94,96,122,115,car
51.jpg,54,103,86,124,car
51.jpg,16,111,48,134,car
51.jpg,0,119,12,138,car
51.jpg,232,66,254,83,car
238.jpg,7,0,20,7,car
238.jpg,28,0,42,17,car
238.jpg,0,48,4,81,car
238.jpg,0,89,6,119,car
238.jpg,31,112,47,144,car
238.jpg,0,129,7,156,car
238.jpg,33,147,48,181,car
238.jpg,33,182,51,216,car
238.jpg,0,191,15,223,car
492.jpg,133,121,149,157,car
2241.jpg,0,100,34,139,car
1360.jpg,112,11,146,26,car
21163.jpg,37,39,68,67,car
17838.jpg,150,69,188,84,car
432.jpg,180,44,210,70,car
76.jpg,98,97,127,120,car
768.jpg,108,36,139,54,car
12259.jpg,207,34,249,51,car
354.jpg,219,121,251,140,car
354.jpg,26,166,61,185,car
354.jpg,0,176,18,192,car
18167.jpg,192,127,217,165,car
883.jpg,0,71,22,100,car
883.jpg,133,118,151,145,car
883.jpg,0,146,5,180,car
883.jpg,23,157,44,187,car
883.jpg,92,184,109,217,car
1002.jpg,0,2,5,32,car
1002.jpg,0,40,12,72,car
1002.jpg,139,63,160,90,car
1002.jpg,5,79,24,112,car
1002.jpg,34,206,47,232,car
459.jpg,68,197,102,231,car
459.jpg,64,215,98,249,car
459.jpg,28,221,62,255,car
401.jpg,194,185,220,204,car
401.jpg,236,26,255,45,car
20233.jpg,41,86,67,113,car
20123.jpg,106,76,148,93,car
1416.jpg,206,74,236,91,car
1416.jpg,161,83,191,101,car
1416.jpg,122,91,149,115,car
1416.jpg,219,111,249,127,car
1416.jpg,136,132,165,146,car
1416.jpg,63,153,94,170,car
1416.jpg,25,161,55,180,car
21125.jpg,7,16,41,32,car
21125.jpg,54,7,88,23,car
21125.jpg,8,34,42,50,car
21125.jpg,49,30,83,46,car
21125.jpg,48,50,82,66,car
21125.jpg,48,74,82,90,car
21125.jpg,43,91,77,107,car
21125.jpg,45,110,79,126,car
21125.jpg,45,130,79,146,car
21125.jpg,44,149,78,165,car
21125.jpg,44,175,78,191,car
21125.jpg,8,214,42,230,car
21125.jpg,9,234,43,250,car
21125.jpg,6,197,40,213,car
21125.jpg,7,176,41,192,car
21125.jpg,2,158,36,174,car
21125.jpg,5,141,39,157,car
21125.jpg,7,124,41,140,car
21125.jpg,7,104,41,120,car
21125.jpg,4,85,38,101,car
21125.jpg,7,69,41,85,car
21125.jpg,7,51,41,67,car
21125.jpg,221,78,255,94,car
21125.jpg,222,43,256,59,car
21125.jpg,222,23,256,39,car
21125.jpg,221,3,255,19,car
21125.jpg,134,1,170,7,car
8438.jpg,4,73,43,107,car
1705.jpg,32,136,67,155,car
15992.jpg,98,236,135,252,car
11794.jpg,76,138,92,178,car
812.jpg,228,197,249,239,car
812.jpg,231,16,256,32,car
9620.jpg,83,213,107,253,car
555.jpg,52,0,75,2,car
555.jpg,6,46,29,79,car
555.jpg,0,90,4,121,car
555.jpg,181,138,209,167,car
555.jpg,209,163,240,192,car
555.jpg,106,182,135,212,car
555.jpg,139,205,160,233,car
20850.jpg,34,91,54,123,car
20850.jpg,38,135,57,165,car
20850.jpg,1,150,16,174,car
20850.jpg,17,142,36,172,car
15637.jpg,26,24,51,61,car
5431.jpg,24,22,57,57,car
16217.jpg,27,177,50,216,car
875.jpg,207,91,224,123,car
875.jpg,201,133,217,167,car
875.jpg,169,157,188,184,car
875.jpg,195,176,211,208,car
875.jpg,188,227,204,253,car
13466.jpg,125,0,149,31,car
1182.jpg,214,1,248,20,car
1182.jpg,198,22,228,57,car
1182.jpg,163,88,185,117,car
1182.jpg,146,119,170,145,car
1182.jpg,19,153,47,177,car
1182.jpg,58,207,85,240,car
17460.jpg,1,22,22,56,car
17460.jpg,12,58,34,97,car
17460.jpg,70,78,106,110,car
15205.jpg,54,33,82,67,car
20990.jpg,184,1,216,10,car
20990.jpg,173,18,219,34,car
20990.jpg,94,28,110,64,car
20990.jpg,92,181,106,213,car
20990.jpg,65,218,78,250,car
19543.jpg,176,15,202,57,car
19477.jpg,33,11,68,43,car
5282.jpg,120,195,160,230,car
793.jpg,109,1,124,23,car
793.jpg,66,1,81,24,car
793.jpg,110,27,124,61,car
793.jpg,71,37,85,73,car
793.jpg,91,64,104,91,car
793.jpg,112,70,126,101,car
793.jpg,74,132,88,165,car
793.jpg,74,173,90,203,car
793.jpg,115,196,131,228,car
793.jpg,78,213,91,240,car
793.jpg,116,229,132,254,car
20861.jpg,70,1,104,22,car
20861.jpg,159,123,200,146,car
1316.jpg,176,232,192,255,car
1316.jpg,224,228,240,256,car
1316.jpg,140,234,153,256,car
4921.jpg,89,0,107,17,car
935.jpg,185,36,219,62,car
935.jpg,172,101,202,120,car
20377.jpg,1,188,23,205,car
20377.jpg,1,244,24,256,car
17902.jpg,153,204,174,235,car
17902.jpg,64,138,82,174,car
20952.jpg,91,201,111,239,car
542.jpg,34,164,48,197,car
542.jpg,127,173,142,207,car
542.jpg,36,206,51,237,car
520.jpg,60,64,97,84,car
520.jpg,59,101,92,118,car
18306.jpg,50,6,96,24,car
18306.jpg,123,185,147,229,car
894.jpg,159,168,183,204,car
894.jpg,179,201,206,230,car
894.jpg,238,97,255,131,car
4690.jpg,117,6,153,31,car
4690.jpg,183,37,222,71,car
15958.jpg,108,114,125,158,car
110.jpg,0,22,12,36,car
110.jpg,79,23,115,38,car
110.jpg,75,42,109,58,car
110.jpg,74,85,89,113,car
110.jpg,56,80,72,113,car
110.jpg,40,86,52,113,car
9913.jpg,30,145,64,185,car
37.jpg,208,1,226,20,car
37.jpg,50,22,75,59,car
37.jpg,32,63,52,95,car
37.jpg,202,90,222,120,car
37.jpg,232,15,255,46,car
18080.jpg,205,0,223,38,car
659.jpg,41,12,67,28,car
659.jpg,178,28,204,51,car
659.jpg,164,89,185,125,car
659.jpg,206,113,228,145,car
659.jpg,223,120,245,152,car
7952.jpg,32,197,49,231,car
804.jpg,29,1,48,15,car
804.jpg,18,23,37,58,car
804.jpg,6,61,24,90,car
804.jpg,174,105,204,125,car
804.jpg,1,112,17,146,car
804.jpg,166,158,194,177,car
804.jpg,230,229,256,247,car
804.jpg,241,175,256,194,car
804.jpg,158,178,186,197,car
143.jpg,104,0,138,29,car
143.jpg,12,134,44,156,car
143.jpg,19,176,49,198,car
19079.jpg,9,20,51,39,car
269.jpg,184,51,203,78,car
1092.jpg,153,230,187,247,car
1092.jpg,114,234,138,255,car
1092.jpg,70,234,109,252,car
1092.jpg,30,241,62,256,car
6293.jpg,137,21,182,64,car
807.jpg,163,8,186,38,car
807.jpg,205,30,228,60,car
807.jpg,223,37,246,67,car
890.jpg,140,33,158,64,car
890.jpg,14,80,28,110,car
890.jpg,47,90,63,119,car
1030.jpg,116,0,133,33,car
1030.jpg,7,95,40,112,car
1030.jpg,48,99,81,113,car
1030.jpg,89,101,121,115,car
1030.jpg,131,101,162,114,car
1030.jpg,168,100,198,116,car
1030.jpg,202,101,234,117,car
1030.jpg,158,151,189,165,car
1030.jpg,117,151,152,167,car
1030.jpg,194,153,226,168,car
21111.jpg,120,33,138,66,car
6758.jpg,55,29,76,69,car
758.jpg,34,1,52,18,car
758.jpg,80,9,103,44,car
758.jpg,119,121,136,154,car
758.jpg,239,63,256,100,car
11828.jpg,100,210,122,245,car
1420.jpg,13,89,49,108,car
1420.jpg,74,112,103,127,car
1420.jpg,107,122,140,140,car
1420.jpg,145,134,175,151,car
1420.jpg,187,139,222,160,car
1420.jpg,1,144,33,167,car
1420.jpg,39,159,66,173,car
1420.jpg,73,168,100,183,car
1420.jpg,135,180,168,200,car
10720.jpg,169,151,190,190,car
10720.jpg,8,149,28,183,car
13103.jpg,56,84,98,102,car
4709.jpg,158,24,191,59,car
74.jpg,1,1,16,11,car
74.jpg,28,10,62,27,car
74.jpg,99,166,131,184,car
74.jpg,137,188,168,211,car
74.jpg,190,240,219,255,car
3302.jpg,40,84,94,106,car
801.jpg,136,112,164,139,car
801.jpg,167,144,197,166,car
801.jpg,226,184,256,217,car
6308.jpg,0,210,36,248,car
18166.jpg,0,210,35,241,car
18487.jpg,50,176,87,193,car
20091.jpg,95,133,140,151,car
20091.jpg,177,195,195,240,car
893.jpg,200,160,237,185,car
15904.jpg,175,41,217,59,car
1915.jpg,22,157,59,186,car
4519.jpg,171,29,211,59,car
11071.jpg,189,143,223,159,car
12159.jpg,9,156,52,172,car
11827.jpg,113,174,148,189,car
943.jpg,201,56,233,76,car
943.jpg,163,64,192,84,car
943.jpg,132,68,164,90,car
943.jpg,206,101,236,119,car
943.jpg,9,106,42,127,car
943.jpg,80,131,111,152,car
943.jpg,35,144,69,163,car
943.jpg,1,157,16,172,car
943.jpg,195,170,209,202,car
943.jpg,5,196,35,211,car
943.jpg,40,205,67,219,car
943.jpg,199,204,213,238,car
943.jpg,75,215,109,233,car
13882.jpg,3,197,17,236,car
862.jpg,1,67,9,89,car
862.jpg,18,153,44,189,car
862.jpg,203,238,235,256,car
862.jpg,169,213,202,238,car
862.jpg,143,187,171,215,car
862.jpg,96,154,123,179,car
862.jpg,72,134,94,152,car
9043.jpg,52,135,92,150,car
918.jpg,83,180,112,199,car
918.jpg,19,218,50,235,car
9410.jpg,1,171,26,201,car
21081.jpg,10,59,38,76,car
21081.jpg,167,63,201,82,car
21081.jpg,15,101,46,116,car
18140.jpg,150,175,168,221,car
12365.jpg,0,224,45,243,car
1187.jpg,122,81,154,95,car
18819.jpg,0,8,6,24,car
20992.jpg,44,129,60,164,car
20992.jpg,62,135,75,163,car
20992.jpg,80,138,93,166,car
20992.jpg,165,138,181,171,car
12747.jpg,63,18,104,65,car
448.jpg,157,51,188,67,car
1886.jpg,43,90,89,116,car
17152.jpg,13,60,50,74,car
16172.jpg,151,27,172,64,car
14095.jpg,118,138,145,171,car
583.jpg,161,58,184,86,car
583.jpg,127,74,148,105,car
18307.jpg,0,135,28,155,car
329.jpg,208,7,241,23,car
329.jpg,172,7,197,22,car
329.jpg,0,32,36,48,car
329.jpg,86,59,122,75,car
329.jpg,51,60,80,72,car
329.jpg,170,60,202,76,car
597.jpg,119,156,141,182,car
343.jpg,117,26,150,44,car
343.jpg,201,1,216,24,car
343.jpg,236,1,252,18,car
12646.jpg,201,174,229,215,car
18058.jpg,84,171,122,186,car
18058.jpg,96,193,129,211,car
4529.jpg,173,32,209,70,car
4529.jpg,0,24,21,57,car
20866.jpg,146,1,180,38,car
20866.jpg,221,41,240,71,car
20866.jpg,237,41,256,71,car
20713.jpg,12,1,43,17,car
20713.jpg,10,92,44,109,car
20713.jpg,16,111,44,126,car
20713.jpg,15,128,43,143,car
20713.jpg,11,143,49,161,car
20713.jpg,10,162,48,180,car
20713.jpg,11,179,49,197,car
20713.jpg,96,211,134,229,car
20713.jpg,99,228,137,246,car
20713.jpg,140,210,178,228,car
20713.jpg,145,44,183,62,car
20713.jpg,232,33,256,50,car
20713.jpg,232,109,256,126,car
20713.jpg,232,126,256,143,car
20713.jpg,232,146,256,163,car
20713.jpg,232,181,256,198,car
20713.jpg,232,198,256,215,car
20713.jpg,232,234,256,252,car
10333.jpg,112,71,137,108,car
10333.jpg,153,96,181,136,car
437.jpg,174,169,207,185,car
437.jpg,230,14,255,39,car
430.jpg,186,88,208,122,car
430.jpg,156,132,181,161,car
430.jpg,139,156,159,190,car
430.jpg,235,5,255,36,car
2184.jpg,62,145,91,178,car
5641.jpg,16,103,56,120,car
16423.jpg,120,176,150,213,car
19800.jpg,5,147,47,171,car
20386.jpg,69,12,87,47,car
20386.jpg,40,19,66,49,car
4899.jpg,72,218,121,234,car
4899.jpg,217,143,255,180,car
13128.jpg,197,48,237,81,car
20287.jpg,215,33,243,52,car
1421.jpg,0,152,12,169,car
1421.jpg,75,170,108,190,car
1421.jpg,11,212,45,232,car
8693.jpg,32,25,70,49,car
16203.jpg,172,87,199,125,car
12926.jpg,133,66,188,98,car
20382.jpg,73,188,115,209,car
20382.jpg,76,120,107,135,car
20382.jpg,78,84,109,99,car
20382.jpg,78,29,109,44,car
20382.jpg,191,27,222,42,car
20382.jpg,183,61,222,76,car
20382.jpg,179,94,218,109,car
20382.jpg,190,115,222,128,car
20382.jpg,185,162,230,180,car
20382.jpg,124,216,140,256,car
20382.jpg,160,227,173,256,car
20382.jpg,245,215,256,256,car
6938.jpg,126,24,166,44,car
1188.jpg,95,55,123,84,car
333.jpg,194,97,229,113,car
333.jpg,1,174,16,189,car
333.jpg,195,209,223,226,car
333.jpg,196,195,229,209,car
333.jpg,234,193,256,208,car
333.jpg,225,175,255,189,car
514.jpg,123,10,151,28,car
514.jpg,12,151,44,173,car
514.jpg,64,175,92,200,car
99.jpg,21,205,40,241,car
6575.jpg,142,83,185,104,car
759.jpg,1,1,22,16,car
759.jpg,133,34,151,61,car
759.jpg,1,62,5,96,car
759.jpg,23,73,44,103,car
759.jpg,92,100,109,133,car
19643.jpg,109,156,152,195,car
20096.jpg,69,82,107,106,car
20723.jpg,1,72,22,95,car
20723.jpg,146,154,163,188,car
20723.jpg,127,153,142,184,car
20723.jpg,218,155,235,185,car
20723.jpg,1,53,26,73,car
20723.jpg,1,31,21,50,car
20723.jpg,1,8,22,31,car
20723.jpg,1,1,25,10,car
20723.jpg,239,154,256,184,car
15673.jpg,49,121,70,159,car
1707.jpg,135,91,176,106,car
1707.jpg,128,139,173,158,car
1193.jpg,98,94,126,128,car
15767.jpg,69,189,82,228,car
938.jpg,204,125,234,142,car
6084.jpg,51,112,69,154,car
20672.jpg,191,30,227,48,car
20672.jpg,193,76,227,95,car
20672.jpg,140,151,170,176,car
20672.jpg,186,154,219,178,car
20672.jpg,217,188,231,219,car
468.jpg,1,24,10,57,car
1401.jpg,26,136,53,165,car
2378.jpg,60,42,81,79,car
2378.jpg,80,65,97,105,car
2815.jpg,138,152,157,193,car
1407.jpg,13,166,35,201,car
1407.jpg,33,215,55,250,car
1037.jpg,63,22,96,36,car
1037.jpg,163,23,199,38,car
1037.jpg,23,37,51,54,car
1037.jpg,159,42,193,58,car
1037.jpg,158,85,173,113,car
1037.jpg,140,80,156,113,car
1037.jpg,124,86,136,113,car
1037.jpg,24,23,57,37,car
20239.jpg,168,160,181,191,car
17377.jpg,146,41,182,66,car
17377.jpg,113,32,146,56,car
114.jpg,26,0,61,13,car
114.jpg,0,4,18,20,car
744.jpg,145,72,180,90,car
744.jpg,142,119,175,136,car
17176.jpg,144,176,163,215,car
541.jpg,2,205,18,240,car
541.jpg,24,212,36,244,car
541.jpg,42,214,53,247,car
18495.jpg,141,169,184,185,car
2385.jpg,54,203,87,237,car
14001.jpg,78,54,129,83,car
14001.jpg,42,8,64,50,car
4096.jpg,113,22,163,51,car
21188.jpg,112,193,130,233,car
21188.jpg,132,198,147,228,car
21188.jpg,169,198,185,228,car
21188.jpg,38,228,72,247,car
21345.jpg,196,134,236,155,car
17191.jpg,229,40,250,79,car
613.jpg,222,22,247,57,car
613.jpg,202,63,226,93,car
613.jpg,21,100,47,119,car
613.jpg,1,149,27,173,car
613.jpg,146,187,167,221,car
20785.jpg,119,144,133,178,car
20785.jpg,225,170,243,209,car
20785.jpg,223,215,240,246,car
8629.jpg,131,111,162,163,car
17231.jpg,22,217,58,234,car
6974.jpg,71,142,91,177,car
753.jpg,25,83,46,112,car
753.jpg,134,116,153,145,car
753.jpg,172,127,199,159,car
753.jpg,77,181,95,211,car
753.jpg,142,204,166,235,car
753.jpg,195,217,217,252,car
3812.jpg,46,134,85,158,car
3812.jpg,41,168,85,187,car
2776.jpg,107,54,145,84,car
2776.jpg,152,46,199,68,car
19455.jpg,182,231,222,247,car
12582.jpg,73,204,92,240,car
17885.jpg,135,76,174,98,car
15882.jpg,122,1,155,36,car
15882.jpg,186,224,219,256,car
5057.jpg,191,34,207,72,car
10609.jpg,85,66,118,98,car
4246.jpg,15,79,56,111,car
791.jpg,58,12,90,28,car
791.jpg,22,52,49,70,car
791.jpg,1,58,8,70,car
791.jpg,34,88,72,105,car
791.jpg,81,87,110,101,car
791.jpg,86,122,117,135,car
791.jpg,148,126,179,142,car
791.jpg,205,124,235,141,car
791.jpg,207,88,236,102,car
791.jpg,99,9,138,25,car
791.jpg,149,9,183,21,car
791.jpg,189,6,217,20,car
791.jpg,227,4,255,19,car
791.jpg,216,45,244,60,car
791.jpg,173,48,208,62,car
15824.jpg,17,90,39,130,car
1406.jpg,186,35,208,76,car
8176.jpg,87,85,129,106,car
11579.jpg,144,42,168,85,car
7777.jpg,33,160,52,203,car
7777.jpg,56,154,73,192,car
11632.jpg,207,114,225,154,car
16643.jpg,75,110,110,138,car
7876.jpg,59,96,101,114,car
20767.jpg,173,58,204,90,car
20767.jpg,19,80,31,114,car
4139.jpg,106,4,142,51,car
324.jpg,195,1,229,16,car
324.jpg,163,1,197,23,car
324.jpg,126,1,160,30,car
324.jpg,88,11,123,37,car
324.jpg,16,27,47,47,car
324.jpg,1,34,12,49,car
324.jpg,115,39,146,53,car
324.jpg,59,52,88,67,car
324.jpg,21,63,50,78,car
324.jpg,1,86,15,120,car
324.jpg,26,222,41,256,car
324.jpg,11,222,26,256,car
324.jpg,231,226,246,254,car
324.jpg,213,226,228,254,car
324.jpg,184,49,199,77,car
324.jpg,201,46,216,74,car
324.jpg,219,42,234,70,car
324.jpg,237,38,252,66,car
1097.jpg,185,40,215,61,car
1097.jpg,219,38,254,58,car
1097.jpg,0,44,22,64,car
1097.jpg,65,89,78,119,car
1097.jpg,67,121,82,156,car
1097.jpg,108,122,124,155,car
1097.jpg,109,161,124,195,car
1097.jpg,66,167,81,196,car
1097.jpg,110,199,124,233,car
1097.jpg,71,209,85,245,car
20962.jpg,190,10,222,26,car
20962.jpg,35,11,68,30,car
20962.jpg,171,125,207,145,car
20962.jpg,92,181,127,203,car
20962.jpg,215,183,252,204,car
16756.jpg,139,152,181,169,car
16756.jpg,37,33,59,71,car
337.jpg,224,65,237,97,car
337.jpg,190,210,203,245,car
337.jpg,4,219,21,246,car
15318.jpg,49,0,82,26,car
12735.jpg,95,152,132,179,car
139.jpg,58,61,85,82,car
139.jpg,69,99,96,117,car
139.jpg,78,115,112,135,car
139.jpg,95,154,130,177,car
5045.jpg,60,164,107,207,car
20859.jpg,193,44,211,87,car
20859.jpg,140,155,156,186,car
20859.jpg,194,98,209,135,car
20859.jpg,169,126,187,161,car
755.jpg,6,71,44,95,car
17883.jpg,143,201,158,236,car
8292.jpg,48,145,84,159,car
7118.jpg,151,55,174,89,car
33.jpg,202,22,236,56,car
33.jpg,178,60,212,94,car
33.jpg,153,98,187,132,car
33.jpg,138,126,172,160,car
13985.jpg,8,94,33,130,car
13985.jpg,63,139,95,180,car
10052.jpg,238,183,254,220,car
736.jpg,91,58,121,75,car
736.jpg,82,75,115,92,car
830.jpg,112,108,149,132,car
830.jpg,68,151,101,171,car
830.jpg,1,157,16,179,car
16864.jpg,162,74,188,125,car
19473.jpg,46,137,86,165,car
20252.jpg,1,64,19,95,car
20252.jpg,27,147,51,168,car
20252.jpg,6,178,34,208,car
1247.jpg,215,75,249,102,car
1247.jpg,184,153,217,172,car
1247.jpg,238,143,255,171,car
16640.jpg,194,225,232,255,car
18072.jpg,87,155,129,184,car
8623.jpg,0,15,41,34,car
1411.jpg,1,206,34,223,car
1105.jpg,130,105,156,130,car
3623.jpg,40,213,57,253,car
10784.jpg,68,38,107,86,car
775.jpg,122,1,139,21,car
775.jpg,79,162,97,192,car
15458.jpg,115,108,156,143,car
19127.jpg,62,160,93,197,car
19127.jpg,43,172,71,208,car
19127.jpg,61,58,95,90,car
20389.jpg,159,87,194,106,car
20389.jpg,142,152,155,186,car
20389.jpg,40,158,58,190,car
20389.jpg,158,155,173,187,car
14957.jpg,103,0,139,23,car
14957.jpg,173,0,211,20,car
441.jpg,142,155,176,178,car
441.jpg,170,204,201,226,car
441.jpg,89,221,122,238,car
15758.jpg,145,110,182,143,car
11403.jpg,144,59,166,97,car
442.jpg,189,134,225,150,car
442.jpg,1,170,18,179,car
442.jpg,31,185,61,199,car
1199.jpg,178,0,212,16,car
1404.jpg,56,1,90,20,car
1404.jpg,45,12,84,29,car
1404.jpg,21,58,51,82,car
1404.jpg,93,156,119,187,car
8308.jpg,137,101,180,138,car
13487.jpg,0,216,34,249,car
2597.jpg,109,16,152,37,car
305.jpg,169,36,186,66,car
305.jpg,207,48,221,77,car
305.jpg,144,30,165,66,car
305.jpg,121,23,142,59,car
305.jpg,45,9,61,36,car
305.jpg,26,2,44,33,car
4443.jpg,19,23,55,51,car
12875.jpg,196,76,224,112,car
5698.jpg,172,50,208,82,car
10613.jpg,11,81,47,111,car
719.jpg,221,207,238,240,car
719.jpg,232,115,249,148,car
719.jpg,243,17,256,43,car
1049.jpg,106,182,138,199,car
1049.jpg,26,214,58,232,car
1049.jpg,75,220,99,235,car
1049.jpg,110,222,134,235,car
20864.jpg,184,1,203,18,car
20864.jpg,45,4,63,39,car
20864.jpg,40,91,63,130,car
749.jpg,106,98,138,115,car
749.jpg,26,130,58,148,car
749.jpg,75,136,99,151,car
749.jpg,110,138,134,151,car
20817.jpg,142,1,163,34,car
10351.jpg,179,142,225,158,car
19890.jpg,211,5,251,22,car
4917.jpg,86,188,104,225,car
10556.jpg,3,1,26,13,car
10556.jpg,106,44,146,61,car
4841.jpg,216,94,255,117,car
15914.jpg,232,71,254,106,car
13393.jpg,180,85,223,100,car
2586.jpg,14,112,32,152,car
13379.jpg,0,176,14,207,car
5783.jpg,151,19,173,60,car
12072.jpg,173,0,196,38,car
12072.jpg,199,0,217,39,car
253.jpg,145,8,160,40,car
253.jpg,214,1,229,33,car
253.jpg,140,44,155,76,car
253.jpg,136,84,151,116,car
253.jpg,130,124,146,157,car
253.jpg,125,173,141,206,car
253.jpg,120,216,135,244,car
189.jpg,115,0,146,1,car
189.jpg,74,0,108,15,car
189.jpg,43,6,72,22,car
2630.jpg,176,146,208,189,car
16195.jpg,25,150,54,186,car
16195.jpg,115,40,144,81,car
18341.jpg,193,159,237,177,car
7446.jpg,211,0,246,20,car
17402.jpg,31,133,63,178,car
4231.jpg,87,97,112,141,car
13699.jpg,214,146,230,186,car
16760.jpg,63,180,102,195,car
16760.jpg,174,0,189,35,car
1418.jpg,0,0,31,7,car
1418.jpg,221,0,240,12,car
1418.jpg,207,0,224,21,car
1418.jpg,175,0,192,26,car
1418.jpg,161,0,177,33,car
1418.jpg,98,15,116,48,car
1418.jpg,143,5,159,35,car
1418.jpg,115,13,133,46,car
1418.jpg,81,29,97,55,car
1418.jpg,0,37,15,52,car
2457.jpg,190,36,232,70,car
418.jpg,90,71,128,95,car
17955.jpg,169,88,208,102,car
20964.jpg,209,1,230,31,car
20964.jpg,3,62,22,100,car
20964.jpg,101,153,123,191,car
20964.jpg,222,156,242,189,car
20964.jpg,222,191,242,224,car
9133.jpg,33,6,68,38,car
19512.jpg,168,154,205,171,car
19512.jpg,168,186,209,209,car
7956.jpg,121,0,145,10,car
21328.jpg,202,73,222,108,car
21328.jpg,158,105,192,139,car
21328.jpg,156,163,190,197,car
21328.jpg,200,161,218,196,car
21328.jpg,224,204,235,236,car
21328.jpg,243,110,256,143,car
21328.jpg,241,108,254,141,car
4508.jpg,65,193,83,232,car
21481.jpg,63,0,97,14,car
21481.jpg,60,0,94,31,car
21481.jpg,126,0,160,33,car
21481.jpg,167,8,201,42,car
21481.jpg,60,15,94,49,car
21481.jpg,59,32,93,66,car
21481.jpg,60,49,94,83,car
21481.jpg,60,69,94,103,car
21481.jpg,60,89,94,123,car
21481.jpg,119,149,153,183,car
21481.jpg,49,150,83,184,car
21481.jpg,122,163,156,197,car
21481.jpg,49,170,83,204,car
21481.jpg,122,218,156,252,car
20365.jpg,163,11,180,48,car
1101.jpg,91,1,104,7,car
1101.jpg,112,1,126,17,car
1101.jpg,74,48,88,81,car
1101.jpg,74,89,90,119,car
1101.jpg,115,112,131,144,car
1101.jpg,78,129,91,156,car
1101.jpg,117,147,132,181,car
1101.jpg,117,182,135,216,car
1101.jpg,79,191,99,223,car
1101.jpg,121,234,137,256,car
20906.jpg,65,34,107,62,car
20906.jpg,129,96,162,116,car
20906.jpg,128,116,160,133,car
20906.jpg,128,138,158,153,car
20906.jpg,172,168,205,189,car
20906.jpg,170,209,204,224,car
21338.jpg,31,167,49,199,car
2331.jpg,28,125,65,141,car
10797.jpg,190,0,221,30,car
10350.jpg,32,62,47,102,car
15504.jpg,77,20,123,44,car
14498.jpg,46,25,91,62,car
14498.jpg,31,56,69,90,car
14498.jpg,63,211,86,253,car
783.jpg,38,30,55,59,car
783.jpg,9,169,23,202,car
15290.jpg,50,205,72,250,car
1196.jpg,134,42,156,70,car
1196.jpg,94,198,116,233,car
1196.jpg,81,213,97,246,car
1196.jpg,158,221,177,244,car
121.jpg,73,2,89,32,car
121.jpg,78,40,96,72,car
121.jpg,223,63,244,90,car
121.jpg,89,79,108,112,car
121.jpg,118,206,131,232,car
16243.jpg,70,163,104,203,car
590.jpg,199,4,220,36,car
650.jpg,13,112,48,129,car
650.jpg,112,131,147,148,car
650.jpg,155,133,191,152,car
650.jpg,201,136,231,151,car
650.jpg,40,163,67,181,car
67.jpg,65,32,98,51,car
67.jpg,62,54,93,70,car
2923.jpg,115,142,156,171,car
52.jpg,1,48,13,82,car
52.jpg,43,229,59,256,car
52.jpg,176,166,193,196,car
52.jpg,177,206,194,236,car
52.jpg,172,115,189,145,car
52.jpg,173,82,185,108,car
52.jpg,170,45,184,74,car
52.jpg,62,229,78,256,car
52.jpg,95,215,127,231,car
52.jpg,91,197,123,213,car
52.jpg,91,177,123,193,car
52.jpg,97,159,129,175,car
52.jpg,93,142,123,156,car
52.jpg,90,123,120,137,car
52.jpg,90,101,120,115,car
52.jpg,87,82,117,96,car
52.jpg,84,62,118,76,car
52.jpg,71,11,109,27,car
52.jpg,14,46,27,80,car
52.jpg,31,44,43,73,car
52.jpg,47,39,60,69,car
52.jpg,65,39,77,65,car
52.jpg,80,30,111,45,car
9785.jpg,110,183,155,203,car
13220.jpg,145,214,170,250,car
10870.jpg,200,100,215,139,car
3555.jpg,36,118,77,148,car
12017.jpg,82,12,126,29,car
20828.jpg,103,65,139,83,car
12962.jpg,88,215,135,243,car
1598.jpg,145,65,163,102,car
276.jpg,164,92,186,126,car
276.jpg,197,125,218,154,car
276.jpg,213,166,230,197,car
10355.jpg,176,79,207,118,car
1266.jpg,208,88,232,118,car
1266.jpg,180,156,197,189,car
4975.jpg,112,178,132,222,car
504.jpg,152,1,190,18,car
2374.jpg,0,0,25,16,car
979.jpg,122,1,153,25,car
979.jpg,214,34,231,63,car
979.jpg,105,51,123,90,car
979.jpg,198,88,218,129,car
979.jpg,185,157,201,187,car
12397.jpg,1,159,22,195,car
9994.jpg,136,164,172,199,car
17417.jpg,103,113,148,138,car
521.jpg,152,8,170,41,car
521.jpg,212,85,229,118,car
521.jpg,146,89,159,125,car
521.jpg,137,128,154,163,car
521.jpg,133,166,149,202,car
521.jpg,129,207,145,241,car
21191.jpg,191,42,222,57,car
575.jpg,109,63,145,81,car
575.jpg,222,69,255,87,car
575.jpg,60,130,81,165,car
21197.jpg,209,58,247,94,car
13764.jpg,18,0,43,33,car
357.jpg,0,83,17,116,car
357.jpg,13,158,28,188,car
357.jpg,209,176,245,194,car
357.jpg,211,199,246,213,car
357.jpg,21,197,39,229,car
592.jpg,187,1,207,18,car
592.jpg,167,24,190,53,car
8344.jpg,173,49,211,64,car
10334.jpg,80,35,107,74,car
336.jpg,34,1,68,30,car
336.jpg,151,13,175,44,car
336.jpg,175,52,197,80,car
336.jpg,190,79,214,110,car
336.jpg,203,117,227,147,car
336.jpg,231,182,255,212,car
21335.jpg,180,103,209,137,car
21335.jpg,34,229,64,245,car
21335.jpg,81,232,110,249,car
21479.jpg,1,58,14,90,car
21479.jpg,23,61,37,93,car
21479.jpg,58,63,72,96,car
21479.jpg,202,62,216,95,car
21479.jpg,221,60,235,93,car
21479.jpg,5,134,30,170,car
21479.jpg,26,133,51,169,car
21479.jpg,47,132,72,168,car
21479.jpg,68,135,93,171,car
21479.jpg,89,132,114,168,car
21479.jpg,108,136,133,172,car
21479.jpg,129,135,154,171,car
21479.jpg,158,132,183,168,car
21479.jpg,172,137,197,173,car
21479.jpg,201,132,226,168,car
21479.jpg,197,171,222,207,car
21479.jpg,173,167,198,203,car
21479.jpg,152,170,177,206,car
21479.jpg,129,169,154,205,car
21479.jpg,107,168,132,204,car
21479.jpg,91,165,116,201,car
21479.jpg,67,167,92,203,car
21479.jpg,42,166,67,202,car
21479.jpg,16,173,41,209,car
21479.jpg,2,167,27,203,car
1477.jpg,57,70,77,104,car
10143.jpg,63,154,109,174,car
10005.jpg,198,128,249,147,car
20714.jpg,24,33,54,53,car
20714.jpg,110,45,141,65,car
20714.jpg,16,110,55,127,car
20714.jpg,108,161,142,179,car
20714.jpg,152,166,189,182,car
20714.jpg,16,158,55,179,car
20714.jpg,17,181,56,197,car
20714.jpg,17,200,56,216,car
20714.jpg,19,219,54,234,car
20714.jpg,21,238,56,253,car
32.jpg,217,52,253,71,car
32.jpg,218,103,244,126,car
96.jpg,198,75,226,93,car
96.jpg,163,81,193,99,car
96.jpg,124,88,160,106,car
96.jpg,85,96,120,113,car
96.jpg,16,111,47,131,car
96.jpg,1,118,12,133,car
96.jpg,115,126,148,142,car
96.jpg,236,121,251,151,car
96.jpg,59,136,88,151,car
96.jpg,21,147,50,162,car
96.jpg,1,172,11,203,car
96.jpg,219,125,234,155,car
96.jpg,201,126,216,156,car
96.jpg,184,129,197,164,car
96.jpg,165,134,181,167,car
96.jpg,231,69,255,86,car
1359.jpg,133,6,165,29,car
1359.jpg,1,8,19,40,car
1359.jpg,236,67,255,90,car
14234.jpg,69,11,113,31,car
103.jpg,32,0,49,33,car
103.jpg,5,101,37,115,car
103.jpg,47,101,78,114,car
103.jpg,84,100,114,116,car
103.jpg,118,101,150,117,car
103.jpg,214,103,249,119,car
103.jpg,74,151,105,165,car
103.jpg,33,151,68,167,car
103.jpg,110,153,142,168,car
103.jpg,149,152,179,167,car
103.jpg,188,155,218,172,car
6989.jpg,167,19,185,62,car
4350.jpg,200,191,243,209,car
50.jpg,170,135,202,157,car
50.jpg,99,151,129,175,car
50.jpg,55,164,84,185,car
779.jpg,61,1,75,20,car
779.jpg,229,18,243,51,car
779.jpg,203,80,218,111,car
779.jpg,53,115,71,146,car
779.jpg,215,131,235,164,car
779.jpg,241,59,256,86,car
751.jpg,181,106,214,127,car
751.jpg,138,118,172,139,car
751.jpg,46,131,78,148,car
751.jpg,207,144,241,163,car
751.jpg,155,156,185,179,car
751.jpg,0,180,3,196,car
751.jpg,11,190,42,211,car
751.jpg,177,196,207,211,car
751.jpg,122,190,157,216,car
751.jpg,212,205,239,219,car
751.jpg,71,210,103,228,car
751.jpg,106,214,135,239,car
14919.jpg,203,47,243,63,car
14054.jpg,87,184,124,199,car
20915.jpg,223,134,256,152,car
20915.jpg,197,154,213,192,car
20915.jpg,124,159,139,191,car
20915.jpg,107,204,124,239,car
20915.jpg,89,210,105,242,car
20915.jpg,223,116,256,134,car
20915.jpg,223,96,256,114,car
20915.jpg,223,58,256,76,car
20915.jpg,223,22,256,41,car
19593.jpg,166,51,207,69,car
1415.jpg,146,137,177,154,car
1415.jpg,109,147,135,163,car
1415.jpg,69,159,93,176,car
1415.jpg,7,172,38,192,car
1415.jpg,195,172,219,212,car
1415.jpg,176,184,197,213,car
1415.jpg,162,186,178,215,car
1415.jpg,129,198,147,228,car
1415.jpg,98,202,116,231,car
1415.jpg,82,209,99,239,car
1415.jpg,51,214,70,248,car
953.jpg,44,178,78,196,car
953.jpg,53,216,85,234,car
1821.jpg,197,112,234,130,car
304.jpg,203,1,215,15,car
304.jpg,200,211,217,245,car
304.jpg,183,210,196,242,car
304.jpg,158,206,179,236,car
1001.jpg,35,26,57,59,car
1001.jpg,63,120,82,152,car
1191.jpg,116,219,145,236,car
20384.jpg,223,98,241,129,car
20384.jpg,206,185,223,218,car
20384.jpg,222,189,241,223,car
20384.jpg,172,188,193,226,car
63.jpg,28,95,54,123,car
63.jpg,1,113,31,147,car
102.jpg,0,92,14,105,car
102.jpg,38,93,67,107,car
102.jpg,91,95,123,110,car
102.jpg,179,95,212,112,car
102.jpg,220,99,253,113,car
21259.jpg,169,7,198,28,car
21259.jpg,117,9,144,26,car
21259.jpg,208,11,246,28,car
21259.jpg,76,11,111,33,car
21259.jpg,34,16,65,46,car
21259.jpg,1,31,29,54,car
21259.jpg,31,209,65,243,car
1567.jpg,137,30,182,47,car
5903.jpg,79,19,116,33,car
5903.jpg,125,24,162,48,car
677.jpg,124,56,157,74,car
677.jpg,25,217,53,249,car
6675.jpg,128,92,170,130,car
9929.jpg,90,140,121,180,car
320.jpg,171,53,206,69,car
320.jpg,175,72,208,85,car
320.jpg,54,68,70,102,car
3928.jpg,169,166,193,205,car
1033.jpg,185,31,201,64,car
1033.jpg,165,39,183,73,car
1033.jpg,208,76,242,105,car
1033.jpg,94,129,109,162,car
1033.jpg,22,181,57,197,car
18037.jpg,157,42,172,80,car
18037.jpg,236,29,255,74,car
20778.jpg,170,1,205,12,car
20778.jpg,171,15,205,35,car
20778.jpg,1,103,33,117,car
20778.jpg,183,92,195,127,car
20778.jpg,217,100,234,131,car
20778.jpg,76,239,91,256,car
20778.jpg,101,241,119,255,car
20778.jpg,125,240,142,256,car
20778.jpg,167,241,191,254,car
1132.jpg,155,119,173,150,car
1132.jpg,161,157,180,193,car
1279.jpg,0,68,14,96,car
1279.jpg,93,198,122,227,car
1279.jpg,39,212,66,242,car
20387.jpg,75,108,94,143,car
20387.jpg,213,147,248,165,car
20387.jpg,128,185,162,201,car
20387.jpg,129,221,160,236,car
13894.jpg,1,133,30,168,car
21319.jpg,192,178,211,206,car
21319.jpg,231,187,252,226,car
21319.jpg,172,205,192,241,car
20911.jpg,112,197,130,232,car
20911.jpg,169,197,186,233,car
20911.jpg,149,200,167,234,car
762.jpg,140,205,158,236,car
314.jpg,7,25,40,42,car
314.jpg,1,60,33,79,car
314.jpg,1,96,22,116,car
314.jpg,1,118,19,134,car
1099.jpg,34,4,72,21,car
1099.jpg,80,2,111,19,car
1099.jpg,88,38,121,52,car
1099.jpg,150,41,183,57,car
1099.jpg,207,41,236,55,car
1099.jpg,205,3,236,20,car
475.jpg,124,137,149,170,car
475.jpg,158,197,181,234,car
20963.jpg,45,128,76,145,car
20963.jpg,188,133,220,151,car
20963.jpg,124,182,161,208,car
2884.jpg,35,190,52,229,car
19360.jpg,196,135,214,171,car
19360.jpg,127,105,145,144,car
20996.jpg,124,53,157,71,car
20996.jpg,117,87,160,104,car
20996.jpg,124,126,158,143,car
20996.jpg,127,162,159,178,car
20996.jpg,126,184,157,203,car
20996.jpg,124,205,155,219,car
20996.jpg,120,232,155,254,car
20996.jpg,126,107,158,119,car
20297.jpg,70,117,105,137,car
3152.jpg,91,97,127,140,car
766.jpg,14,0,28,26,car
766.jpg,47,6,63,35,car
1183.jpg,193,83,222,104,car
1183.jpg,149,131,175,160,car
1183.jpg,164,147,188,175,car
6986.jpg,0,43,34,74,car
4672.jpg,147,161,192,176,car
348.jpg,221,114,247,137,car
348.jpg,139,162,172,190,car
348.jpg,180,180,211,201,car
348.jpg,82,221,108,255,car
11202.jpg,1,192,30,232,car
11202.jpg,173,13,205,44,car
693.jpg,222,189,246,212,car
693.jpg,166,213,192,230,car
693.jpg,120,227,154,246,car
15861.jpg,104,3,144,19,car
1098.jpg,84,36,118,54,car
1098.jpg,37,39,74,54,car
1098.jpg,4,39,33,56,car
21324.jpg,163,215,189,240,car
21324.jpg,159,191,185,216,car
21324.jpg,162,164,188,189,car
21324.jpg,163,114,189,139,car
21324.jpg,168,57,194,82,car
21324.jpg,162,34,188,59,car
14046.jpg,90,89,134,113,car
682.jpg,205,90,228,125,car
682.jpg,184,116,204,150,car
682.jpg,163,1,186,36,car
17267.jpg,125,21,167,44,car
942.jpg,129,130,163,146,car
942.jpg,59,180,87,196,car
942.jpg,95,190,126,211,car
942.jpg,207,194,238,216,car
942.jpg,155,210,187,228,car
942.jpg,190,214,219,239,car
942.jpg,220,118,256,137,car
942.jpg,238,160,256,175,car
7506.jpg,181,13,225,41,car
100.jpg,10,54,24,85,car
100.jpg,26,55,43,89,car
100.jpg,235,57,249,90,car
100.jpg,215,57,232,90,car
100.jpg,89,87,122,103,car
100.jpg,143,91,177,106,car
100.jpg,85,114,120,131,car
100.jpg,175,138,205,154,car
100.jpg,213,142,244,155,car
100.jpg,1,207,29,222,car
100.jpg,1,226,29,241,car
100.jpg,2,246,29,256,car
1058.jpg,1,1,27,24,car
1058.jpg,1,31,27,50,car
1058.jpg,46,42,76,61,car
1058.jpg,85,53,108,71,car
1058.jpg,176,63,205,80,car
1058.jpg,139,75,173,95,car
1058.jpg,192,93,224,111,car
17608.jpg,171,1,194,44,car
6576.jpg,89,108,105,147,car
20799.jpg,198,116,214,150,car
330.jpg,0,8,14,21,car
330.jpg,38,9,67,23,car
330.jpg,91,11,123,26,car
330.jpg,179,11,212,28,car
330.jpg,220,15,253,29,car
330.jpg,101,203,117,236,car
330.jpg,81,211,99,245,car
21397.jpg,1,73,20,110,car
7699.jpg,68,118,112,147,car
7699.jpg,172,74,199,104,car
20855.jpg,88,113,105,149,car
20855.jpg,103,111,120,147,car
20855.jpg,25,160,42,196,car
20855.jpg,38,158,55,194,car
20855.jpg,51,156,68,192,car
20855.jpg,67,154,84,190,car
20855.jpg,80,153,97,189,car
20855.jpg,96,150,113,186,car
20855.jpg,87,191,104,227,car
20855.jpg,72,189,89,225,car
20855.jpg,57,191,74,227,car
20855.jpg,41,191,58,227,car
20855.jpg,25,194,42,230,car
20855.jpg,7,193,24,229,car
20855.jpg,1,230,16,256,car
20855.jpg,15,230,31,256,car
20855.jpg,27,231,41,256,car
20855.jpg,40,231,54,256,car
20855.jpg,54,231,68,256,car
20855.jpg,73,231,87,256,car
20855.jpg,86,231,100,256,car
20855.jpg,100,229,115,256,car
20855.jpg,176,107,193,140,car
20855.jpg,204,133,221,166,car
20855.jpg,228,42,251,75,car
20855.jpg,211,44,234,77,car
20855.jpg,189,98,212,131,car
20855.jpg,204,95,226,123,car
20855.jpg,219,91,241,119,car
20855.jpg,230,79,252,107,car
20855.jpg,216,128,238,156,car
20855.jpg,229,119,251,147,car
20855.jpg,234,156,256,184,car
20855.jpg,221,192,241,224,car
20855.jpg,234,192,252,220,car
536.jpg,180,184,210,199,car
536.jpg,180,115,211,131,car
536.jpg,179,132,213,146,car
536.jpg,179,150,213,163,car
536.jpg,179,1,208,17,car
271.jpg,0,0,13,7,car
271.jpg,195,0,209,30,car
271.jpg,5,24,35,39,car
271.jpg,40,33,67,47,car
271.jpg,199,32,213,66,car
271.jpg,72,42,109,61,car
271.jpg,29,74,61,88,car
271.jpg,68,84,102,104,car
271.jpg,218,80,253,103,car
271.jpg,106,93,136,115,car
271.jpg,162,188,178,219,car
754.jpg,111,194,131,222,car
748.jpg,9,73,43,90,car
748.jpg,184,156,197,188,car
748.jpg,142,162,155,193,car
748.jpg,182,192,197,217,car
748.jpg,185,220,198,254,car
268.jpg,12,1,25,16,car
268.jpg,10,20,25,45,car
268.jpg,13,48,26,82,car
268.jpg,15,93,30,124,car
268.jpg,15,133,31,164,car
268.jpg,18,197,32,229,car
268.jpg,21,236,34,256,car
19457.jpg,0,147,7,161,car
21329.jpg,86,160,117,189,car
21329.jpg,88,206,111,234,car
15411.jpg,204,73,222,117,car
117.jpg,13,1,28,16,car
117.jpg,209,4,245,22,car
117.jpg,211,27,246,41,car
117.jpg,21,25,39,57,car
117.jpg,219,70,248,93,car
117.jpg,37,105,63,134,car
117.jpg,62,219,82,250,car
16559.jpg,113,137,142,178,car
695.jpg,208,173,222,207,car
695.jpg,199,216,216,248,car
695.jpg,172,238,186,256,car
12068.jpg,99,189,143,209,car
891.jpg,224,0,247,2,car
891.jpg,178,46,201,79,car
891.jpg,152,90,176,121,car
891.jpg,99,171,131,203,car
891.jpg,72,216,97,245,car
1181.jpg,185,81,216,109,car
1181.jpg,221,105,251,129,car
1181.jpg,1,170,27,204,car
11399.jpg,143,0,164,33,car
1242.jpg,104,164,120,194,car
10921.jpg,46,4,93,25,car
10921.jpg,162,79,185,123,car
9180.jpg,1,200,25,247,car
1032.jpg,0,105,3,118,car
1032.jpg,0,127,2,143,car
10190.jpg,109,190,155,208,car
20898.jpg,127,120,140,154,car
20898.jpg,91,121,106,155,car
20898.jpg,236,123,249,157,car
13364.jpg,138,70,156,100,car
8628.jpg,207,100,243,118,car
412.jpg,161,180,194,204,car
412.jpg,229,187,245,211,car
412.jpg,237,143,256,174,car
412.jpg,188,111,217,132,car
36.jpg,105,102,132,120,car
36.jpg,78,152,110,171,car
1435.jpg,99,128,118,157,car
1435.jpg,92,160,109,190,car
1435.jpg,133,234,150,255,car
5285.jpg,67,26,83,62,car
1190.jpg,136,38,170,53,car
1190.jpg,175,43,208,58,car
1603.jpg,103,24,152,44,car
1603.jpg,203,67,224,107,car
1603.jpg,205,116,228,162,car
11577.jpg,197,153,214,192,car
2763.jpg,11,126,53,152,car
2763.jpg,33,113,75,143,car
20230.jpg,213,132,228,162,car
20230.jpg,172,185,192,215,car
20966.jpg,144,165,164,202,car
20966.jpg,166,166,186,200,car
3056.jpg,0,141,34,179,car
491.jpg,203,0,219,4,car
491.jpg,112,0,125,1,car
491.jpg,166,0,182,3,car
491.jpg,0,0,19,13,car
491.jpg,66,1,99,14,car
491.jpg,3,51,30,64,car
491.jpg,112,51,140,65,car
491.jpg,176,52,205,68,car
491.jpg,69,53,95,69,car
491.jpg,182,128,215,139,car
491.jpg,180,163,212,174,car
491.jpg,186,182,219,195,car
491.jpg,184,143,218,155,car
13530.jpg,179,119,229,139,car
7702.jpg,101,54,134,87,car
7702.jpg,204,7,238,35,car
1228.jpg,206,15,235,31,car
1228.jpg,127,43,161,63,car
1228.jpg,130,65,168,82,car
1228.jpg,145,116,179,133,car
1228.jpg,159,156,190,171,car
1228.jpg,150,137,181,152,car
79.jpg,0,37,6,71,car
7377.jpg,201,138,241,154,car
20889.jpg,220,225,256,245,car
2756.jpg,66,87,105,119,car
1028.jpg,92,8,123,18,car
1028.jpg,178,1,192,24,car
1028.jpg,93,26,121,38,car
1028.jpg,176,32,194,64,car
1028.jpg,63,57,77,90,car
1028.jpg,43,57,60,90,car
1028.jpg,1,91,5,106,car
1028.jpg,81,116,120,132,car
1028.jpg,3,138,33,154,car
1028.jpg,41,142,72,155,car
1028.jpg,170,143,206,159,car
1028.jpg,135,144,164,156,car
1028.jpg,79,143,108,155,car
1028.jpg,95,43,126,53,car
21083.jpg,66,74,97,91,car
21083.jpg,221,73,250,89,car
21083.jpg,154,70,188,91,car
21083.jpg,200,93,235,116,car
425.jpg,224,205,242,236,car
3819.jpg,0,52,8,91,car
21271.jpg,1,94,20,127,car
21271.jpg,13,86,33,120,car
21271.jpg,38,84,58,118,car
21271.jpg,60,87,87,122,car
21271.jpg,88,86,115,121,car
21271.jpg,113,85,140,120,car
21271.jpg,161,87,188,122,car
21271.jpg,186,89,213,124,car
21271.jpg,229,91,256,126,car
21271.jpg,79,146,118,162,car
21271.jpg,177,224,216,240,car
21271.jpg,217,224,256,240,car
278.jpg,125,176,161,194,car
278.jpg,127,199,162,213,car
1250.jpg,222,55,237,90,car
1250.jpg,186,58,200,91,car
1250.jpg,204,55,218,91,car
1250.jpg,3,84,37,105,car
1250.jpg,10,105,36,122,car
1250.jpg,8,142,41,161,car
1250.jpg,16,163,44,176,car
9874.jpg,124,3,167,39,car
4184.jpg,38,197,81,214,car
4184.jpg,24,221,64,239,car
7461.jpg,103,201,121,237,car
14968.jpg,139,171,175,205,car
21282.jpg,174,19,209,39,car
21282.jpg,168,52,210,80,car
21282.jpg,162,91,203,113,car
21282.jpg,156,111,188,124,car
7012.jpg,206,79,239,102,car
1413.jpg,138,98,159,132,car
1198.jpg,108,95,135,129,car
1198.jpg,1,214,30,238,car
2851.jpg,112,174,147,190,car
20856.jpg,199,24,214,58,car
20856.jpg,60,30,75,60,car
20856.jpg,82,35,97,69,car
20856.jpg,196,69,212,107,car
20856.jpg,57,110,72,147,car
20856.jpg,81,107,97,152,car
752.jpg,179,46,199,76,car
752.jpg,8,73,28,106,car
752.jpg,154,120,174,153,car
18101.jpg,12,111,55,130,car
18101.jpg,14,158,57,175,car
12128.jpg,203,174,240,188,car
9029.jpg,174,17,215,33,car
14416.jpg,128,154,166,183,car
21276.jpg,135,114,172,142,car
21276.jpg,126,148,160,164,car
21276.jpg,58,208,102,222,car
21276.jpg,63,226,98,246,car
14934.jpg,228,69,253,104,car
14934.jpg,191,45,219,85,car
3351.jpg,121,161,152,201,car
17110.jpg,112,136,152,154,car
17110.jpg,106,0,141,31,car
262.jpg,204,209,234,226,car
246.jpg,10,69,46,90,car
246.jpg,66,93,93,115,car
17071.jpg,219,84,239,126,car
17071.jpg,123,165,147,198,car
673.jpg,215,61,242,96,car
673.jpg,241,152,256,183,car
1168.jpg,184,16,222,33,car
1168.jpg,117,9,136,43,car
1168.jpg,101,21,116,50,car
1168.jpg,6,39,40,73,car
1168.jpg,86,38,107,70,car
1168.jpg,135,84,166,104,car
2487.jpg,173,59,191,103,car
2487.jpg,169,0,186,15,car
321.jpg,144,0,172,2,car
321.jpg,67,0,101,5,car
321.jpg,141,23,176,40,car
321.jpg,72,30,100,46,car
321.jpg,66,70,99,86,car
321.jpg,74,93,110,110,car
803.jpg,40,182,67,200,car
803.jpg,178,199,203,220,car
10852.jpg,180,158,224,175,car
7161.jpg,73,20,113,52,car
21343.jpg,27,70,51,112,car
16484.jpg,46,88,64,125,car
19634.jpg,135,106,177,126,car
16256.jpg,73,145,90,183,car
21393.jpg,1,113,15,153,car
19456.jpg,215,65,255,83,car
12102.jpg,75,167,96,212,car
19918.jpg,6,132,49,152,car
19767.jpg,18,59,60,75,car
15493.jpg,227,12,245,49,car
17924.jpg,64,47,101,60,car
4296.jpg,177,55,212,68,car
20360.jpg,222,1,241,31,car
20376.jpg,34,20,49,51,car
20376.jpg,61,199,78,233,car
8244.jpg,159,200,204,228,car
720.jpg,237,170,256,206,car
15294.jpg,51,131,72,170,car
11423.jpg,163,138,208,163,car
1095.jpg,186,178,220,192,car
1095.jpg,228,177,256,190,car
1095.jpg,103,180,139,196,car
1095.jpg,150,181,179,195,car
1095.jpg,56,183,91,199,car
1095.jpg,216,215,248,231,car
1095.jpg,176,217,207,233,car
1095.jpg,22,224,49,242,car
1095.jpg,1,230,8,242,car
1095.jpg,58,222,85,240,car
1095.jpg,135,218,167,234,car
13571.jpg,53,94,94,109,car
17106.jpg,41,196,79,230,car
1290.jpg,193,0,213,28,car
497.jpg,50,32,84,66,car
10946.jpg,116,151,139,194,car
21472.jpg,169,151,203,185,car
21472.jpg,154,158,173,195,car
21472.jpg,201,155,228,190,car
1281.jpg,190,12,223,33,car
1281.jpg,170,76,201,97,car
1281.jpg,153,136,185,156,car
1281.jpg,130,177,165,200,car
1281.jpg,124,214,156,237,car
11889.jpg,12,119,48,156,car
21348.jpg,101,109,145,131,car
15954.jpg,78,111,96,153,car
15954.jpg,110,214,128,256,car
21477.jpg,223,76,238,110,car
21477.jpg,206,69,222,112,car
21477.jpg,205,115,221,148,car
21477.jpg,224,110,240,150,car
21477.jpg,240,78,256,112,car
21477.jpg,243,110,256,145,car
21477.jpg,207,191,223,225,car
21477.jpg,227,187,243,221,car
21477.jpg,240,187,256,221,car
21477.jpg,224,226,243,255,car
21477.jpg,206,229,224,255,car
364.jpg,147,36,166,68,car
364.jpg,199,224,218,256,car
1244.jpg,15,162,35,193,car
1244.jpg,31,197,52,228,car
1244.jpg,52,234,71,256,car
16240.jpg,177,199,220,234,car
413.jpg,59,0,90,16,car
413.jpg,5,78,26,109,car
413.jpg,0,144,8,178,car
19117.jpg,38,94,92,118,car
447.jpg,138,1,157,16,car
447.jpg,116,26,139,57,car
447.jpg,81,82,106,119,car
447.jpg,63,118,85,145,car
944.jpg,228,187,256,206,car
13241.jpg,192,26,236,56,car
12629.jpg,160,46,198,63,car
18838.jpg,0,0,14,2,car
1525.jpg,217,182,251,213,car
1525.jpg,178,204,219,238,car
20984.jpg,10,7,44,22,car
20984.jpg,6,62,41,81,car
20984.jpg,206,65,239,78,car
20984.jpg,207,100,240,117,car
20984.jpg,204,147,243,177,car
20984.jpg,4,76,40,94,car
20984.jpg,206,27,243,41,car
20984.jpg,205,45,242,59,car
19796.jpg,73,0,94,16,car
19597.jpg,164,33,203,51,car
20667.jpg,188,9,219,25,car
20667.jpg,139,89,173,104,car
20667.jpg,147,142,176,155,car
20667.jpg,87,202,117,215,car
9993.jpg,50,168,70,204,car
416.jpg,7,46,27,76,car
416.jpg,109,83,130,112,car
416.jpg,218,116,237,145,car
416.jpg,0,120,2,153,car
416.jpg,161,181,179,211,car
416.jpg,226,204,250,235,car
16599.jpg,211,83,232,130,car
20202.jpg,61,56,100,72,car
20202.jpg,56,92,99,111,car
20202.jpg,61,37,103,53,car
20202.jpg,60,16,104,33,car
20202.jpg,59,1,101,10,car
20207.jpg,133,97,176,117,car
20207.jpg,132,167,159,214,car
16405.jpg,0,59,22,78,car
17298.jpg,164,71,191,103,car
1175.jpg,161,9,197,38,car
1175.jpg,161,198,187,226,car
1373.jpg,214,116,228,150,car
69.jpg,137,241,176,255,car
69.jpg,175,2,201,10,car
9826.jpg,196,81,222,119,car
4794.jpg,1,156,37,188,car
19791.jpg,217,155,249,193,car
8787.jpg,53,110,101,128,car
8787.jpg,132,107,179,127,car
8787.jpg,121,80,165,97,car
6471.jpg,118,88,151,120,car
21287.jpg,1,10,20,42,car
21287.jpg,61,27,80,59,car
21287.jpg,78,31,97,63,car
21287.jpg,96,32,115,64,car
21287.jpg,164,51,183,83,car
21287.jpg,181,55,200,87,car
15595.jpg,177,171,221,206,car
9992.jpg,148,168,182,186,car
49.jpg,0,23,4,40,car
49.jpg,127,115,141,143,car
97.jpg,85,129,98,159,car
97.jpg,87,166,101,193,car
97.jpg,90,198,104,231,car
97.jpg,8,241,46,256,car
97.jpg,6,227,38,239,car
97.jpg,8,207,33,220,car
97.jpg,7,183,35,199,car
97.jpg,5,166,31,181,car
97.jpg,1,147,35,162,car
97.jpg,1,114,27,127,car
97.jpg,1,98,24,110,car
10925.jpg,58,42,72,74,car
10925.jpg,1,44,17,78,car
457.jpg,238,0,253,24,car
16307.jpg,0,16,17,56,car
14610.jpg,199,45,217,82,car
6257.jpg,17,19,47,57,car
12830.jpg,181,187,222,216,car
12830.jpg,148,144,189,160,car
829.jpg,216,17,240,48,car
829.jpg,165,91,186,119,car
829.jpg,235,52,255,87,car
829.jpg,229,95,256,125,car
829.jpg,192,243,223,256,car
13700.jpg,206,41,252,60,car
3660.jpg,25,56,70,74,car
438.jpg,76,52,92,85,car
438.jpg,54,56,72,85,car
317.jpg,186,90,223,107,car
317.jpg,190,109,218,125,car
10580.jpg,38,68,71,84,car
172.jpg,3,1,24,24,car
172.jpg,50,1,71,30,car
172.jpg,21,34,45,61,car
172.jpg,76,44,96,77,car
172.jpg,182,61,214,88,car
172.jpg,55,96,80,128,car
172.jpg,83,137,110,167,car
172.jpg,140,141,161,165,car
172.jpg,159,168,193,202,car
172.jpg,109,175,136,203,car
172.jpg,189,202,214,230,car
172.jpg,141,213,167,239,car
172.jpg,220,234,247,255,car
172.jpg,121,111,151,130,car
1367.jpg,203,53,219,88,car
1367.jpg,112,55,125,85,car
1367.jpg,130,50,144,84,car
1367.jpg,147,50,164,84,car
1367.jpg,185,53,200,82,car
1367.jpg,166,49,182,87,car
1367.jpg,0,83,19,97,car
1367.jpg,66,85,99,98,car
1367.jpg,3,135,30,148,car
1367.jpg,112,135,140,149,car
1367.jpg,176,136,205,152,car
1367.jpg,69,137,95,153,car
1367.jpg,182,212,215,223,car
1367.jpg,184,227,218,239,car
15857.jpg,63,196,100,211,car
20381.jpg,1,10,25,22,car
20381.jpg,1,29,20,41,car
20381.jpg,1,64,22,76,car
20381.jpg,1,99,21,113,car
20381.jpg,1,118,21,132,car
20381.jpg,1,136,23,150,car
20381.jpg,1,155,24,170,car
20381.jpg,1,174,24,189,car
20381.jpg,1,191,24,206,car
20381.jpg,1,211,22,224,car
21316.jpg,110,123,131,169,car
19994.jpg,186,91,222,137,car
466.jpg,205,84,225,116,car
466.jpg,230,189,250,221,car
2501.jpg,0,29,9,80,car
20255.jpg,81,16,99,55,car
20255.jpg,73,76,91,114,car
20255.jpg,173,152,193,187,car
7038.jpg,59,67,78,103,car
20946.jpg,113,18,149,37,car
455.jpg,113,18,142,35,car
455.jpg,75,20,106,36,car
455.jpg,38,22,70,39,car
455.jpg,0,24,1,41,car
455.jpg,194,52,221,70,car
455.jpg,152,58,180,70,car
455.jpg,76,57,103,72,car
455.jpg,116,58,149,72,car
455.jpg,206,88,244,105,car
455.jpg,0,120,34,138,car
328.jpg,26,1,43,5,car
328.jpg,235,1,249,6,car
328.jpg,215,1,232,6,car
328.jpg,89,3,122,19,car
328.jpg,143,7,177,22,car
328.jpg,85,30,120,47,car
328.jpg,175,54,205,70,car
328.jpg,213,58,244,71,car
328.jpg,1,122,29,137,car
328.jpg,1,164,33,176,car
328.jpg,1,198,29,213,car
328.jpg,1,144,27,156,car
16863.jpg,216,116,243,162,car
16863.jpg,246,129,256,176,car
11437.jpg,180,49,226,70,car
14870.jpg,204,93,236,131,car
18048.jpg,189,126,210,171,car
20172.jpg,96,8,113,43,car
20172.jpg,68,199,81,228,car
20849.jpg,221,111,239,149,car
20849.jpg,180,127,199,161,car
5758.jpg,33,162,77,180,car
4037.jpg,0,7,43,25,car
21189.jpg,151,34,183,49,car
21189.jpg,47,47,80,67,car
21189.jpg,222,146,239,174,car
21189.jpg,197,142,213,173,car
21189.jpg,98,203,139,221,car
515.jpg,5,26,31,47,car
515.jpg,1,91,11,122,car
515.jpg,87,106,117,127,car
515.jpg,42,108,57,143,car
515.jpg,54,121,71,152,car
515.jpg,181,182,204,218,car
515.jpg,211,198,233,236,car
923.jpg,1,10,24,45,car
923.jpg,192,168,221,190,car
923.jpg,149,215,174,245,car
923.jpg,164,229,188,256,car
696.jpg,195,22,229,45,car
696.jpg,154,37,191,57,car
696.jpg,77,60,111,80,car
696.jpg,41,76,73,95,car
696.jpg,146,93,169,124,car
696.jpg,97,125,132,144,car
696.jpg,127,189,160,205,car
696.jpg,237,14,256,32,car
21321.jpg,63,146,77,181,car
21321.jpg,43,205,57,239,car
11709.jpg,162,74,177,118,car
20278.jpg,188,7,204,41,car
5286.jpg,166,97,215,120,car
1234.jpg,208,1,225,26,car
1234.jpg,208,208,226,242,car
21185.jpg,49,157,85,180,car
21185.jpg,156,203,189,220,car
21185.jpg,51,219,86,234,car
21185.jpg,53,239,84,254,car
17984.jpg,151,2,190,24,car
632.jpg,2,216,30,241,car
632.jpg,11,239,39,256,car
998.jpg,125,4,161,22,car
998.jpg,127,27,162,41,car
998.jpg,135,70,164,93,car
615.jpg,145,59,163,84,car
615.jpg,78,93,96,117,car
615.jpg,125,63,147,100,car
615.jpg,109,73,130,107,car
21117.jpg,170,113,196,144,car
656.jpg,75,1,96,13,car
656.jpg,46,33,69,64,car
656.jpg,28,67,50,99,car
656.jpg,16,107,39,141,car
656.jpg,6,147,24,172,car
656.jpg,174,189,206,210,car
656.jpg,1,198,7,232,car
21286.jpg,200,1,221,39,car
21286.jpg,227,3,247,38,car
21286.jpg,129,218,149,256,car
21286.jpg,148,218,168,256,car
21286.jpg,167,218,187,256,car
21286.jpg,185,218,205,256,car
21286.jpg,202,218,222,256,car
21286.jpg,221,218,241,256,car
21286.jpg,241,218,256,256,car
18192.jpg,84,230,125,248,car
185.jpg,138,14,159,48,car
185.jpg,219,170,252,191,car
185.jpg,148,189,177,208,car
185.jpg,107,202,138,217,car
185.jpg,195,217,227,237,car
185.jpg,35,222,62,238,car
185.jpg,153,232,187,247,car
873.jpg,224,106,245,126,car
873.jpg,166,127,192,149,car
873.jpg,121,140,153,163,car
873.jpg,65,156,101,181,car
873.jpg,24,170,58,190,car
873.jpg,1,180,11,201,car
13879.jpg,235,94,254,129,car
20941.jpg,69,86,91,124,car
20941.jpg,68,142,86,185,car
20832.jpg,60,156,86,199,car
14611.jpg,226,72,256,110,car
13246.jpg,198,8,235,30,car
722.jpg,17,190,40,220,car
722.jpg,40,152,63,182,car
722.jpg,82,89,105,119,car
722.jpg,99,55,124,89,car
722.jpg,122,16,147,50,car
168.jpg,1,57,11,91,car
168.jpg,1,94,13,129,car
168.jpg,17,172,35,206,car
168.jpg,30,212,56,248,car
168.jpg,1,215,10,248,car
249.jpg,152,179,168,212,car
249.jpg,157,147,173,180,car
249.jpg,160,114,176,147,car
249.jpg,166,77,182,110,car
249.jpg,168,36,184,69,car
972.jpg,1,12,14,43,car
972.jpg,16,87,38,121,car
972.jpg,31,128,54,163,car
972.jpg,1,129,13,163,car
972.jpg,3,169,23,195,car
972.jpg,50,169,72,201,car
972.jpg,21,206,43,234,car
972.jpg,76,218,100,251,car
972.jpg,182,235,213,255,car
10932.jpg,194,35,241,59,car
987.jpg,79,79,97,109,car
987.jpg,61,162,79,194,car
987.jpg,225,191,244,222,car
987.jpg,240,229,256,256,car
11371.jpg,120,0,138,32,car
70.jpg,189,218,223,237,car
70.jpg,130,197,161,216,car
895.jpg,55,1,75,18,car
895.jpg,196,20,220,49,car
1048.jpg,9,157,43,174,car
409.jpg,75,29,108,46,car
409.jpg,72,48,101,66,car
409.jpg,64,228,96,247,car
5510.jpg,82,207,113,238,car
712.jpg,149,8,167,40,car
712.jpg,126,86,145,117,car
38.jpg,10,39,30,67,car
38.jpg,231,58,248,83,car
38.jpg,174,68,191,96,car
38.jpg,163,92,178,115,car
38.jpg,192,71,216,109,car
38.jpg,206,61,230,99,car
1286.jpg,53,205,68,238,car
4775.jpg,71,193,92,228,car
1365.jpg,189,21,225,39,car
1365.jpg,150,24,182,41,car
1365.jpg,111,28,141,43,car
1365.jpg,72,26,106,44,car
1365.jpg,10,32,42,48,car
1365.jpg,142,85,174,99,car
1365.jpg,59,87,85,103,car
1365.jpg,91,85,130,104,car
1365.jpg,179,84,209,101,car
1365.jpg,23,83,59,101,car
1365.jpg,1,89,15,102,car
1365.jpg,1,126,27,144,car
1365.jpg,92,131,123,145,car
1365.jpg,146,131,177,146,car
1365.jpg,192,131,223,146,car
1365.jpg,231,130,256,147,car
1365.jpg,231,20,256,33,car
20245.jpg,69,3,97,29,car
1075.jpg,196,101,222,132,car
17505.jpg,177,114,224,132,car
13784.jpg,161,167,177,208,car
14164.jpg,206,0,242,19,car
8587.jpg,168,0,210,24,car
662.jpg,100,6,114,36,car
662.jpg,96,37,112,70,car
662.jpg,85,121,98,152,car
662.jpg,81,162,97,188,car
662.jpg,76,200,91,223,car
662.jpg,72,232,87,255,car
662.jpg,238,172,256,204,car
12469.jpg,102,0,118,29,car
2549.jpg,198,84,238,120,car
18376.jpg,134,24,155,68,car
18376.jpg,91,198,115,236,car
8576.jpg,200,113,226,151,car
8576.jpg,199,205,235,228,car
20380.jpg,58,203,73,239,car
20380.jpg,58,169,71,200,car
20380.jpg,58,124,71,155,car
20380.jpg,58,91,71,122,car
20380.jpg,59,44,72,75,car
20380.jpg,60,5,73,36,car
20781.jpg,1,71,33,91,car
20781.jpg,1,129,8,161,car
20781.jpg,225,184,244,219,car
351.jpg,26,122,44,162,car
351.jpg,1,121,10,155,car
351.jpg,218,171,246,186,car
351.jpg,12,164,29,194,car
351.jpg,133,196,165,212,car
351.jpg,148,231,176,246,car
351.jpg,227,205,255,220,car
19338.jpg,0,83,6,99,car
20006.jpg,46,208,84,227,car
3739.jpg,206,205,250,226,car
428.jpg,8,69,26,103,car
10418.jpg,30,75,68,92,car
15771.jpg,68,0,82,17,car
989.jpg,230,66,246,89,car
16105.jpg,87,209,104,245,car
12529.jpg,129,0,166,22,car
9240.jpg,98,111,135,129,car
15916.jpg,163,80,179,111,car
15931.jpg,39,93,81,113,car
21332.jpg,242,1,256,26,car
21332.jpg,180,61,208,105,car
21332.jpg,1,89,31,119,car
21332.jpg,47,138,87,155,car
21332.jpg,1,224,28,242,car
21332.jpg,41,223,72,242,car
21332.jpg,75,224,111,242,car
21332.jpg,201,1,218,27,car
21332.jpg,225,1,239,29,car
433.jpg,99,16,138,37,car
433.jpg,32,11,51,43,car
433.jpg,50,84,84,102,car
433.jpg,1,42,21,70,car
433.jpg,14,22,34,50,car
1005.jpg,115,55,136,94,car
1005.jpg,140,142,158,174,car
435.jpg,86,90,120,115,car
435.jpg,67,203,99,222,car
435.jpg,64,223,96,242,car
15789.jpg,172,186,209,223,car
7071.jpg,41,183,68,219,car
8880.jpg,9,94,53,111,car
8719.jpg,0,214,42,230,car
5588.jpg,32,189,50,234,car
1275.jpg,0,51,10,78,car
1275.jpg,38,108,65,130,car
1275.jpg,25,95,53,116,car
1275.jpg,50,122,78,147,car
1275.jpg,0,136,6,167,car
1547.jpg,96,59,133,77,car
35.jpg,43,180,65,210,car
874.jpg,124,35,158,60,car
874.jpg,37,73,67,97,car
874.jpg,1,93,28,114,car
554.jpg,184,172,210,203,car
554.jpg,156,216,181,245,car
554.jpg,236,89,255,120,car
2632.jpg,226,158,251,195,car
9787.jpg,143,145,176,160,car
5767.jpg,113,0,146,23,car
853.jpg,11,56,39,82,car
813.jpg,43,178,59,216,car
813.jpg,1,203,9,240,car
813.jpg,21,197,37,235,car
20208.jpg,10,46,26,86,car
20208.jpg,30,56,40,88,car
20208.jpg,66,49,81,83,car
20208.jpg,85,47,99,90,car
20208.jpg,104,51,118,82,car
20208.jpg,125,56,139,95,car
6037.jpg,93,175,133,191,car
6037.jpg,140,187,185,202,car
8602.jpg,0,44,28,77,car
6499.jpg,0,115,31,146,car
1096.jpg,33,0,63,1,car
1096.jpg,0,0,26,6,car
1096.jpg,165,49,191,66,car
1096.jpg,202,47,234,63,car
1096.jpg,119,54,151,71,car
1096.jpg,6,54,37,75,car
1096.jpg,46,55,73,72,car
480.jpg,112,183,146,198,car
651.jpg,109,147,145,165,car
651.jpg,222,153,255,171,car
651.jpg,60,214,81,249,car
8078.jpg,68,165,115,197,car
21443.jpg,187,109,206,153,car
13716.jpg,69,114,104,149,car
6317.jpg,0,0,9,25,car
6317.jpg,135,125,168,160,car
6317.jpg,151,97,187,132,car
4137.jpg,78,120,115,159,car
4137.jpg,109,91,149,127,car
21473.jpg,40,152,74,186,car
21473.jpg,18,156,52,190,car
21473.jpg,0,157,26,191,car
8836.jpg,90,189,140,223,car
16743.jpg,12,145,46,188,car
13792.jpg,159,188,201,212,car
13792.jpg,144,207,189,234,car
6915.jpg,1,14,41,30,car
5897.jpg,117,5,160,47,car
20677.jpg,43,50,73,72,car
20677.jpg,42,137,76,156,car
20677.jpg,198,158,212,196,car
20677.jpg,158,164,174,194,car
20677.jpg,178,163,191,199,car
20677.jpg,90,174,130,205,car
20677.jpg,43,191,74,209,car
235.jpg,206,4,244,21,car
235.jpg,0,36,34,54,car
14937.jpg,79,22,99,56,car
6384.jpg,161,34,201,47,car
20250.jpg,35,40,55,76,car
1428.jpg,14,133,33,163,car
1428.jpg,7,168,25,198,car
1428.jpg,1,206,13,232,car
548.jpg,59,9,78,44,car
13493.jpg,2,201,47,216,car
553.jpg,224,33,242,64,car
553.jpg,98,80,112,110,car
553.jpg,131,90,147,119,car
462.jpg,33,0,48,9,car
462.jpg,33,10,51,44,car
462.jpg,0,19,15,51,car
462.jpg,38,62,51,94,car
462.jpg,0,68,10,98,car
462.jpg,40,98,54,131,car
462.jpg,41,137,55,167,car
462.jpg,2,161,12,189,car
462.jpg,41,175,57,207,car
462.jpg,4,202,13,230,car
462.jpg,46,213,60,244,car
1289.jpg,64,56,96,75,car
1289.jpg,59,76,90,100,car
1289.jpg,5,162,26,193,car
11952.jpg,105,186,128,224,car
1417.jpg,219,0,252,19,car
1417.jpg,148,17,177,36,car
1417.jpg,107,30,138,45,car
1417.jpg,195,45,227,65,car
1417.jpg,35,50,62,66,car
1417.jpg,153,60,187,75,car
1417.jpg,115,69,146,85,car
1417.jpg,74,81,108,99,car
1417.jpg,43,90,72,106,car
2023.jpg,0,108,3,159,car
2023.jpg,2,120,26,162,car
2023.jpg,45,13,69,59,car
2023.jpg,116,158,148,199,car
2023.jpg,190,172,207,210,car
997.jpg,185,0,200,16,car
997.jpg,193,25,211,57,car
997.jpg,0,105,4,136,car
997.jpg,209,105,235,134,car
997.jpg,0,158,19,188,car
997.jpg,19,216,36,243,car
997.jpg,234,219,254,250,car
524.jpg,97,107,127,124,car
524.jpg,134,107,166,125,car
524.jpg,47,136,65,166,car
524.jpg,27,130,45,159,car
524.jpg,56,28,75,66,car
524.jpg,75,31,94,70,car
524.jpg,103,22,122,61,car
524.jpg,126,5,145,44,car
524.jpg,83,159,118,177,car
524.jpg,73,211,104,230,car
524.jpg,77,193,110,209,car
12967.jpg,72,126,111,163,car
513.jpg,54,13,85,43,car
513.jpg,129,71,156,94,car
513.jpg,198,153,212,181,car
513.jpg,195,189,206,217,car
513.jpg,188,222,202,249,car
17681.jpg,158,129,177,169,car
10660.jpg,163,12,181,53,car
19959.jpg,1,100,15,135,car
19959.jpg,120,105,151,151,car
820.jpg,237,101,256,126,car
820.jpg,190,1,214,26,car
820.jpg,204,28,228,62,car
444.jpg,190,1,223,15,car
444.jpg,149,9,181,25,car
444.jpg,44,10,78,28,car
444.jpg,115,18,145,31,car
444.jpg,74,28,107,45,car
444.jpg,1,54,22,69,car
16880.jpg,133,146,169,174,car
4216.jpg,33,199,82,219,car
14097.jpg,108,169,127,217,car
